file_path,tomo_id
/grphome/grp_tomo_db1_d4/nobackup/archive/ExperimentRuns/sma2022-07-13-2/Vibrio_deltacomEA_002_rec.mrc,tomo_058
/grphome/grp_tomo_db1_d4/nobackup/archive/ExperimentRuns/sma2022-07-13-3/Vibrio_deltacomEA_003_rec.mrc,tomo_059
/grphome/grp_tomo_db1_d4/nobackup/archive/ExperimentRuns/sma2022-07-13-4/Vibrio_deltacomEA_004_rec.mrc,tomo_060
/grphome/grp_tomo_db1_d4/nobackup/archive/ExperimentRuns/sma2022-07-13-5/Vibrio_deltacomEA_005_rec.mrc,tomo_061
/grphome/grp_tomo_db1_d4/nobackup/archive/ExperimentRuns/sma2022-07-13-6/Vibrio_deltacomEA_006_rec.mrc,tomo_062
/grphome/grp_tomo_db1_d4/nobackup/archive/ExperimentRuns/sma2022-07-13-7/Vibrio_deltacomEA_007_rec.mrc,tomo_063
/grphome/grp_tomo_db1_d4/nobackup/archive/ExperimentRuns/sma2022-07-13-8/Vibrio_deltacomEA_008_rec.mrc,tomo_064
/grphome/grp_tomo_db1_d4/nobackup/archive/ExperimentRuns/sma2022-07-13-9/Vibrio_deltacomEA_009_rec.mrc,tomo_065
/grphome/grp_tomo_db1_d4/nobackup/archive/ExperimentRuns/sma2022-07-13-10/Vibrio_deltacomEA_010_rec.mrc,tomo_066
/grphome/grp_tomo_db1_d4/nobackup/archive/ExperimentRuns/sma2022-07-13-11/Vibrio_deltacomEA_011_rec.mrc,tomo_067
/grphome/grp_tomo_db1_d4/nobackup/archive/ExperimentRuns/sma2022-07-13-12/Vibrio_deltacomEA_012_rec.mrc,tomo_068
/grphome/grp_tomo_db1_d4/nobackup/archive/ExperimentRuns/sma2022-07-13-13/Vibrio_deltacomEA_013_rec.mrc,tomo_069
/grphome/grp_tomo_db1_d4/nobackup/archive/ExperimentRuns/sma2022-07-13-14/Vibrio_deltacomEA_014_rec.mrc,tomo_070
/grphome/grp_tomo_db1_d4/nobackup/archive/ExperimentRuns/sma2022-07-13-15/Vibrio_deltacomEA_015_rec.mrc,tomo_071
/grphome/grp_tomo_db1_d4/nobackup/archive/ExperimentRuns/sma2022-07-13-16/Vibrio_deltacomEA_016_rec.mrc,tomo_072
/grphome/grp_tomo_db1_d4/nobackup/archive/ExperimentRuns/sma2022-07-13-17/Vibrio_deltacomEA_017_rec.mrc,tomo_073
/grphome/grp_tomo_db1_d4/nobackup/archive/ExperimentRuns/sma2022-07-13-19/Vibrio_deltacomEA_019_rec.mrc,tomo_074
/grphome/grp_tomo_db1_d4/nobackup/archive/ExperimentRuns/sma2022-07-13-20/Vibrio_deltacomEA_020_rec.mrc,tomo_075
/grphome/grp_tomo_db1_d4/nobackup/archive/ExperimentRuns/sma2022-07-13-21/Vibrio_deltacomEA_021_rec.mrc,tomo_076
/grphome/grp_tomo_db1_d4/nobackup/archive/ExperimentRuns/sma2022-07-13-23/Vibrio_deltacomEA_023_rec.mrc,tomo_077
/grphome/grp_tomo_db1_d4/nobackup/archive/ExperimentRuns/sma2022-07-13-24/Vibrio_deltacomEA_024_rec.mrc,tomo_078
/grphome/grp_tomo_db1_d4/nobackup/archive/ExperimentRuns/sma2022-07-13-25/Vibrio_deltacomEA_025_rec.mrc,tomo_079
/grphome/grp_tomo_db1_d4/nobackup/archive/ExperimentRuns/sma2022-07-13-26/Vibrio_deltacomEA_026_rec.mrc,tomo_080
/grphome/grp_tomo_db1_d4/nobackup/archive/ExperimentRuns/sma2022-07-13-27/Vibrio_deltacomEA_027_rec.mrc,tomo_081
/grphome/grp_tomo_db1_d4/nobackup/archive/ExperimentRuns/sma2022-07-13-28/Vibrio_deltacomEA_028_rec.mrc,tomo_082
/grphome/grp_tomo_db1_d4/nobackup/archive/ExperimentRuns/sma2022-07-13-29/Vibrio_deltacomEA_029_rec.mrc,tomo_083
/grphome/grp_tomo_db1_d4/nobackup/archive/ExperimentRuns/sma2022-07-13-30/Vibrio_deltacomEA_030_rec.mrc,tomo_084
/grphome/grp_tomo_db1_d4/nobackup/archive/ExperimentRuns/sma2022-07-13-31/Vibrio_deltacomEA_031_rec.mrc,tomo_085
/grphome/grp_tomo_db1_d4/nobackup/archive/ExperimentRuns/sma2022-07-13-33/Vibrio_deltacomEA_033_rec.mrc,tomo_086
/grphome/grp_tomo_db1_d4/nobackup/archive/ExperimentRuns/sma2022-07-13-34/Vibrio_deltacomEA_034_rec.mrc,tomo_087
/grphome/grp_tomo_db1_d4/nobackup/archive/ExperimentRuns/sma2022-07-13-35/Vibrio_deltacomEA_035_rec.mrc,tomo_088
/grphome/grp_tomo_db1_d4/nobackup/archive/ExperimentRuns/sma2022-07-13-36/Vibrio_deltacomEA_036_rec.mrc,tomo_089
/grphome/grp_tomo_db1_d4/nobackup/archive/ExperimentRuns/sma2022-07-13-38/Vibrio_deltacomEA_038_rec.mrc,tomo_090
/grphome/grp_tomo_db1_d4/nobackup/archive/ExperimentRuns/sma2022-07-13-39/Vibrio_deltacomEA_039_rec.mrc,tomo_091
/grphome/grp_tomo_db1_d4/nobackup/archive/ExperimentRuns/sma2022-07-13-40/Vibrio_deltacomEA_040_rec.mrc,tomo_092
/grphome/grp_tomo_db1_d4/nobackup/archive/ExperimentRuns/sma2022-07-13-41/Vibrio_deltacomEA_041_rec.mrc,tomo_093
/grphome/grp_tomo_db1_d4/nobackup/archive/ExperimentRuns/sma2022-07-13-42/Vibrio_deltacomEA_042_rec.mrc,tomo_094
/grphome/grp_tomo_db1_d4/nobackup/archive/ExperimentRuns/sma2022-07-13-43/Vibrio_deltacomEA_043_rec.mrc,tomo_095
/grphome/grp_tomo_db1_d4/nobackup/archive/ExperimentRuns/sma2022-07-13-44/Vibrio_deltacomEA_044_rec.mrc,tomo_096
/grphome/grp_tomo_db1_d4/nobackup/archive/ExperimentRuns/sma2022-07-13-45/Vibrio_deltacomEA_045_rec.mrc,tomo_097
/grphome/grp_tomo_db1_d4/nobackup/archive/ExperimentRuns/sma2022-07-13-46/Vibrio_deltacomEA_046_rec.mrc,tomo_098
/grphome/grp_tomo_db1_d4/nobackup/archive/ExperimentRuns/sma2022-07-13-49/Vibrio_deltacomEA_049_rec.mrc,tomo_099
/grphome/grp_tomo_db1_d4/nobackup/archive/ExperimentRuns/sma2022-07-13-50/Vibrio_deltacomEA_050_rec.mrc,tomo_100
/grphome/grp_tomo_db1_d4/nobackup/archive/ExperimentRuns/sma2022-07-13-51/Vibrio_deltacomEA_051_rec.mrc,tomo_101
/grphome/grp_tomo_db1_d4/nobackup/archive/ExperimentRuns/sma2022-07-13-53/Vibrio_deltacomEA_053_rec.mrc,tomo_102
/grphome/grp_tomo_db1_d4/nobackup/archive/ExperimentRuns/sma2022-07-13-54/Vibrio_deltacomEA_054_rec.mrc,tomo_103
/grphome/grp_tomo_db1_d4/nobackup/archive/ExperimentRuns/sma2022-07-13-55/Vibrio_deltacomEA_055_rec.mrc,tomo_104
/grphome/grp_tomo_db1_d4/nobackup/archive/ExperimentRuns/sma2022-07-13-56/Vibrio_deltacomEA_056_rec.mrc,tomo_105
/grphome/grp_tomo_db1_d4/nobackup/archive/ExperimentRuns/sma2022-07-13-57/Vibrio_deltacomEA_057_rec.mrc,tomo_106
/grphome/grp_tomo_db1_d4/nobackup/archive/ExperimentRuns/sma2022-07-13-58/Vibrio_deltacomEA_058_rec.mrc,tomo_107
/grphome/grp_tomo_db1_d4/nobackup/archive/ExperimentRuns/sma2022-07-13-59/Vibrio_deltacomEA_059_rec.mrc,tomo_108
/grphome/grp_tomo_db1_d4/nobackup/archive/ExperimentRuns/sma2022-07-13-61/Vibrio_deltacomEA_061_rec.mrc,tomo_109
/grphome/grp_tomo_db1_d4/nobackup/archive/ExperimentRuns/sma2022-07-13-62/Vibrio_deltacomEA_062_rec.mrc,tomo_110
/grphome/grp_tomo_db1_d4/nobackup/archive/ExperimentRuns/sma2022-07-13-63/Vibrio_deltacomEA_063_rec.mrc,tomo_111
/grphome/grp_tomo_db1_d4/nobackup/archive/ExperimentRuns/sma2022-07-13-64/Vibrio_deltacomEA_064_rec.mrc,tomo_112
/grphome/grp_tomo_db1_d4/nobackup/archive/ExperimentRuns/sma2022-07-13-65/Vibrio_deltacomEA_065_rec.mrc,tomo_113
/grphome/grp_tomo_db1_d4/nobackup/archive/ExperimentRuns/sma2022-07-13-66/Vibrio_deltacomEA_066_rec.mrc,tomo_114
/grphome/grp_tomo_db1_d4/nobackup/archive/ExperimentRuns/sma2022-07-13-68/Vibrio_deltacomEA_068_rec.mrc,tomo_115
/grphome/grp_tomo_db1_d4/nobackup/archive/ExperimentRuns/sma2022-07-13-69/Vibrio_deltacomEA_069_rec.mrc,tomo_116
/grphome/grp_tomo_db1_d4/nobackup/archive/ExperimentRuns/sma2022-07-13-70/Vibrio_deltacomEA_070_rec.mrc,tomo_117
/grphome/grp_tomo_db1_d4/nobackup/archive/ExperimentRuns/sma2022-07-13-71/Vibrio_deltacomEA_071_rec.mrc,tomo_118
/grphome/grp_tomo_db1_d4/nobackup/archive/ExperimentRuns/sma2022-07-13-72/Vibrio_deltacomEA_072_rec.mrc,tomo_119
/grphome/grp_tomo_db1_d4/nobackup/archive/ExperimentRuns/sma2022-07-13-73/Vibrio_deltacomEA_073_rec.mrc,tomo_120
/grphome/grp_tomo_db1_d4/nobackup/archive/ExperimentRuns/sma2022-07-13-74/Vibrio_deltacomEA_074_rec.mrc,tomo_121
/grphome/grp_tomo_db1_d4/nobackup/archive/ExperimentRuns/sma2022-07-13-75/Vibrio_deltacomEA_075_rec.mrc,tomo_122
/grphome/grp_tomo_db1_d4/nobackup/archive/ExperimentRuns/sma2022-07-13-76/Vibrio_deltacomEA_076_rec.mrc,tomo_123
/grphome/grp_tomo_db1_d4/nobackup/archive/ExperimentRuns/sma2022-07-13-77/Vibrio_deltacomEA_077_rec.mrc,tomo_124
/grphome/grp_tomo_db1_d4/nobackup/archive/ExperimentRuns/sma2022-07-13-78/Vibrio_deltacomEA_078_rec.mrc,tomo_125
/grphome/grp_tomo_db1_d4/nobackup/archive/ExperimentRuns/sma2022-07-13-79/Vibrio_deltacomEA_079_rec.mrc,tomo_126
/grphome/grp_tomo_db1_d4/nobackup/archive/ExperimentRuns/sma2022-07-13-80/Vibrio_deltacomEA_080_rec.mrc,tomo_127
/grphome/grp_tomo_db1_d4/nobackup/archive/ExperimentRuns/sma2022-07-13-81/Vibrio_deltacomEA_081_rec.mrc,tomo_128
/grphome/grp_tomo_db1_d4/nobackup/archive/ExperimentRuns/sma2022-07-13-82/Vibrio_deltacomEA_082_rec.mrc,tomo_129
/grphome/grp_tomo_db1_d4/nobackup/archive/ExperimentRuns/sma2022-07-13-83/Vibrio_deltacomEA_083_rec.mrc,tomo_130
/grphome/grp_tomo_db1_d4/nobackup/archive/ExperimentRuns/sma2022-07-13-84/Vibrio_deltacomEA_084_rec.mrc,tomo_131
/grphome/grp_tomo_db1_d4/nobackup/archive/ExperimentRuns/sma2022-07-13-85/Vibrio_deltacomEA_085_rec.mrc,tomo_132
/grphome/grp_tomo_db1_d4/nobackup/archive/ExperimentRuns/sma2022-07-13-86/Vibrio_deltacomEA_086_rec.mrc,tomo_133
/grphome/grp_tomo_db1_d4/nobackup/archive/ExperimentRuns/sma2022-07-13-87/Vibrio_deltacomEA_087_rec.mrc,tomo_134
/grphome/grp_tomo_db1_d4/nobackup/archive/ExperimentRuns/sma2022-07-13-88/Vibrio_deltacomEA_088_rec.mrc,tomo_135
/grphome/grp_tomo_db1_d4/nobackup/archive/ExperimentRuns/sma2022-07-13-89/Vibrio_deltacomEA_089_rec.mrc,tomo_136
/grphome/grp_tomo_db1_d4/nobackup/archive/ExperimentRuns/sma2022-07-13-90/Vibrio_deltacomEA_090_rec.mrc,tomo_137
/grphome/grp_tomo_db1_d4/nobackup/archive/ExperimentRuns/sma2022-07-13-91/Vibrio_deltacomEA_091_rec.mrc,tomo_138
/grphome/grp_tomo_db1_d4/nobackup/archive/ExperimentRuns/sma2022-07-13-92/Vibrio_deltacomEA_092_rec.mrc,tomo_139
/grphome/grp_tomo_db1_d4/nobackup/archive/ExperimentRuns/sma2022-07-13-93/Vibrio_deltacomEA_093_rec.mrc,tomo_140
/grphome/grp_tomo_db1_d4/nobackup/archive/ExperimentRuns/sma2022-07-13-94/Vibrio_deltacomEA_094_rec.mrc,tomo_141
/grphome/grp_tomo_db1_d4/nobackup/archive/ExperimentRuns/sma2022-07-13-96/Vibrio_deltacomEA_096_rec.mrc,tomo_142
/grphome/grp_tomo_db1_d4/nobackup/archive/ExperimentRuns/sma2022-07-13-97/Vibrio_deltacomEA_097_rec.mrc,tomo_143
/grphome/grp_tomo_db1_d4/nobackup/archive/ExperimentRuns/sma2022-07-13-98/Vibrio_deltacomEA_098_rec.mrc,tomo_144
/grphome/grp_tomo_db1_d4/nobackup/archive/ExperimentRuns/sma2022-07-13-99/Vibrio_deltacomEA_099_rec.mrc,tomo_145
/grphome/grp_tomo_db1_d4/nobackup/archive/ExperimentRuns/sma2022-07-13-100/Vibrio_deltacomEA_100_rec.mrc,tomo_146
/grphome/grp_tomo_db1_d4/nobackup/archive/ExperimentRuns/sma2022-07-13-101/Vibrio_deltacomEA_101_rec.mrc,tomo_147
/grphome/grp_tomo_db1_d4/nobackup/archive/ExperimentRuns/sma2022-07-13-102/Vibrio_deltacomEA_102_rec.mrc,tomo_148
/grphome/grp_tomo_db1_d4/nobackup/archive/ExperimentRuns/sma2022-07-13-103/Vibrio_deltacomEA_103_rec.mrc,tomo_149
/grphome/grp_tomo_db1_d4/nobackup/archive/ExperimentRuns/sma2022-07-13-104/Vibrio_deltacomEA_104_rec.mrc,tomo_150
/grphome/grp_tomo_db1_d4/nobackup/archive/ExperimentRuns/sma2022-07-13-105/Vibrio_deltacomEA_105_rec.mrc,tomo_151
/grphome/grp_tomo_db1_d4/nobackup/archive/ExperimentRuns/sma2022-07-13-107/Vibrio_deltacomEA_107_rec.mrc,tomo_152
/grphome/grp_tomo_db1_d4/nobackup/archive/ExperimentRuns/sma2022-07-13-108/Vibrio_deltacomEA_108_rec.mrc,tomo_153
/grphome/grp_tomo_db1_d4/nobackup/archive/ExperimentRuns/sma2022-07-13-109/Vibrio_deltacomEA_109_rec.mrc,tomo_154
/grphome/grp_tomo_db1_d4/nobackup/archive/ExperimentRuns/sma2022-07-13-110/Vibrio_deltacomEA_110_rec.mrc,tomo_155
/grphome/grp_tomo_db1_d4/nobackup/archive/ExperimentRuns/sma2022-07-13-111/Vibrio_deltacomEA_111_rec.mrc,tomo_156
/grphome/grp_tomo_db1_d4/nobackup/archive/ExperimentRuns/sma2022-07-13-112/Vibrio_deltacomEA_112_rec.mrc,tomo_157
/grphome/grp_tomo_db1_d4/nobackup/archive/ExperimentRuns/sma2022-07-13-113/Vibrio_deltacomEA_113_rec.mrc,tomo_158
/grphome/grp_tomo_db1_d4/nobackup/archive/ExperimentRuns/sma2022-07-13-114/Vibrio_deltacomEA_114_rec.mrc,tomo_159
/grphome/grp_tomo_db1_d4/nobackup/archive/ExperimentRuns/sma2022-07-13-115/Vibrio_deltacomEA_115_rec.mrc,tomo_160
/grphome/grp_tomo_db1_d4/nobackup/archive/ExperimentRuns/sma2022-07-13-116/Vibrio_deltacomEA_116_rec.mrc,tomo_161
/grphome/grp_tomo_db1_d4/nobackup/archive/ExperimentRuns/sma2022-07-13-117/Vibrio_deltacomEA_117_rec.mrc,tomo_162
/grphome/grp_tomo_db1_d4/nobackup/archive/ExperimentRuns/sma2022-07-13-118/Vibrio_deltacomEA_118_rec.mrc,tomo_163
/grphome/grp_tomo_db1_d4/nobackup/archive/ExperimentRuns/sma2022-07-13-119/Vibrio_deltacomEA_119_rec.mrc,tomo_164
/grphome/grp_tomo_db1_d4/nobackup/archive/ExperimentRuns/sma2022-07-13-120/Vibrio_deltacomEA_120_rec.mrc,tomo_165
/grphome/grp_tomo_db1_d4/nobackup/archive/ExperimentRuns/sma2022-07-13-121/Vibrio_deltacomEA_121_rec.mrc,tomo_166
/grphome/grp_tomo_db1_d4/nobackup/archive/ExperimentRuns/sma2022-07-13-122/Vibrio_deltacomEA_122_rec.mrc,tomo_167
/grphome/grp_tomo_db1_d4/nobackup/archive/ExperimentRuns/sma2022-07-13-123/Vibrio_deltacomEA_123_rec.mrc,tomo_168
/grphome/grp_tomo_db1_d4/nobackup/archive/ExperimentRuns/sma2022-07-13-124/Vibrio_deltacomEA_124_rec.mrc,tomo_169
/grphome/grp_tomo_db1_d4/nobackup/archive/ExperimentRuns/sma2022-07-13-125/Vibrio_deltacomEA_125_rec.mrc,tomo_170
/grphome/grp_tomo_db1_d4/nobackup/archive/ExperimentRuns/sma2022-07-13-126/Vibrio_deltacomEA_126_rec.mrc,tomo_171
/grphome/grp_tomo_db1_d4/nobackup/archive/ExperimentRuns/sma2022-07-13-127/Vibrio_deltacomEA_127_rec.mrc,tomo_172
/grphome/grp_tomo_db1_d4/nobackup/archive/ExperimentRuns/sma2022-07-13-129/Vibrio_deltacomEA_129_rec.mrc,tomo_173
/grphome/grp_tomo_db1_d4/nobackup/archive/ExperimentRuns/sma2022-07-13-130/Vibrio_deltacomEA_130_rec.mrc,tomo_174
/grphome/grp_tomo_db1_d4/nobackup/archive/ExperimentRuns/sma2022-07-13-131/Vibrio_deltacomEA_131_rec.mrc,tomo_175
/grphome/grp_tomo_db1_d4/nobackup/archive/ExperimentRuns/sma2022-07-13-133/Vibrio_deltacomEA_133_rec.mrc,tomo_176
/grphome/grp_tomo_db1_d4/nobackup/archive/ExperimentRuns/sma2022-07-13-134/Vibrio_deltacomEA_134_rec.mrc,tomo_177
/grphome/grp_tomo_db1_d4/nobackup/archive/ExperimentRuns/sma2022-07-13-135/Vibrio_deltacomEA_135_rec.mrc,tomo_178
/grphome/grp_tomo_db1_d4/nobackup/archive/ExperimentRuns/sma2022-07-13-136/Vibrio_deltacomEA_136_rec.mrc,tomo_179
/grphome/grp_tomo_db1_d4/nobackup/archive/ExperimentRuns/sma2022-07-13-137/Vibrio_deltacomEA_137_rec.mrc,tomo_180
/grphome/grp_tomo_db1_d4/nobackup/archive/ExperimentRuns/sma2022-07-13-138/Vibrio_deltacomEA_138_rec.mrc,tomo_181
/grphome/grp_tomo_db1_d4/nobackup/archive/ExperimentRuns/sma2022-07-13-139/Vibrio_deltacomEA_139_rec.mrc,tomo_182
/grphome/grp_tomo_db1_d4/nobackup/archive/ExperimentRuns/sma2022-07-13-140/Vibrio_deltacomEA_140_rec.mrc,tomo_183
/grphome/grp_tomo_db1_d4/nobackup/archive/ExperimentRuns/sma2022-07-13-141/Vibrio_deltacomEA_141_rec.mrc,tomo_184
/grphome/grp_tomo_db1_d4/nobackup/archive/ExperimentRuns/sma2022-07-13-142/Vibrio_deltacomEA_142_rec.mrc,tomo_185
/grphome/grp_tomo_db1_d4/nobackup/archive/ExperimentRuns/sma2022-07-13-143/Vibrio_deltacomEA_143_rec.mrc,tomo_186
/grphome/grp_tomo_db1_d4/nobackup/archive/ExperimentRuns/sma2022-07-13-144/Vibrio_deltacomEA_144_rec.mrc,tomo_187
/grphome/grp_tomo_db1_d4/nobackup/archive/ExperimentRuns/sma2022-07-13-145/Vibrio_deltacomEA_145_rec.mrc,tomo_188
/grphome/grp_tomo_db1_d4/nobackup/archive/ExperimentRuns/sma2022-07-13-146/Vibrio_deltacomEA_146_rec.mrc,tomo_189
/grphome/grp_tomo_db1_d4/nobackup/archive/ExperimentRuns/sma2022-07-13-147/Vibrio_deltacomEA_147_rec.mrc,tomo_190
/grphome/grp_tomo_db1_d4/nobackup/archive/ExperimentRuns/sma2022-07-13-148/Vibrio_deltacomEA_148_rec.mrc,tomo_191
/grphome/grp_tomo_db1_d4/nobackup/archive/ExperimentRuns/sma2022-07-13-149/Vibrio_deltacomEA_149_rec.mrc,tomo_192
/grphome/grp_tomo_db1_d4/nobackup/archive/ExperimentRuns/sma2022-07-13-150/Vibrio_deltacomEA_150_rec.mrc,tomo_193
/grphome/grp_tomo_db1_d4/nobackup/archive/ExperimentRuns/sma2022-07-13-151/Vibrio_deltacomEA_151_rec.mrc,tomo_194
/grphome/grp_tomo_db1_d4/nobackup/archive/ExperimentRuns/sma2022-07-13-152/Vibrio_deltacomEA_152_rec.mrc,tomo_195
/grphome/grp_tomo_db1_d4/nobackup/archive/ExperimentRuns/sma2022-07-13-153/Vibrio_deltacomEA_153_rec.mrc,tomo_196
/grphome/grp_tomo_db1_d4/nobackup/archive/ExperimentRuns/sma2022-07-13-154/Vibrio_deltacomEA_154_rec.mrc,tomo_197
/grphome/grp_tomo_db1_d4/nobackup/archive/ExperimentRuns/sma2022-07-13-155/Vibrio_deltacomEA_155_rec.mrc,tomo_198
/grphome/grp_tomo_db1_d4/nobackup/archive/ExperimentRuns/sma2022-07-13-156/Vibrio_deltacomEA_156_rec.mrc,tomo_199
/grphome/grp_tomo_db1_d4/nobackup/archive/ExperimentRuns/sma2022-07-13-157/Vibrio_deltacomEA_157_rec.mrc,tomo_200
/grphome/grp_tomo_db1_d4/nobackup/archive/ExperimentRuns/sma2022-07-13-158/Vibrio_deltacomEA_158_rec.mrc,tomo_201
/grphome/grp_tomo_db1_d4/nobackup/archive/ExperimentRuns/sma2022-07-13-159/Vibrio_deltacomEA_159_rec.mrc,tomo_202
/grphome/grp_tomo_db1_d4/nobackup/archive/ExperimentRuns/sma2022-07-13-160/Vibrio_deltacomEA_160_rec.mrc,tomo_203
/grphome/grp_tomo_db1_d4/nobackup/archive/ExperimentRuns/sma2022-07-13-161/Vibrio_deltacomEA_161_rec.mrc,tomo_204
/grphome/grp_tomo_db1_d4/nobackup/archive/ExperimentRuns/sma2022-07-13-162/Vibrio_deltacomEA_162_rec.mrc,tomo_205
/grphome/grp_tomo_db1_d4/nobackup/archive/ExperimentRuns/sma2022-07-13-163/Vibrio_deltacomEA_163_rec.mrc,tomo_206
/grphome/grp_tomo_db1_d4/nobackup/archive/ExperimentRuns/sma2022-07-13-164/Vibrio_deltacomEA_164_rec.mrc,tomo_207
/grphome/grp_tomo_db1_d4/nobackup/archive/ExperimentRuns/sma2022-07-13-165/Vibrio_deltacomEA_165_rec.mrc,tomo_208
/grphome/grp_tomo_db1_d4/nobackup/archive/ExperimentRuns/sma2022-07-13-166/Vibrio_deltacomEA_166_rec.mrc,tomo_209
/grphome/grp_tomo_db1_d4/nobackup/archive/ExperimentRuns/sma2022-07-13-167/Vibrio_deltacomEA_167_rec.mrc,tomo_210
/grphome/grp_tomo_db1_d4/nobackup/archive/ExperimentRuns/sma2022-07-13-168/Vibrio_deltacomEA_168_rec.mrc,tomo_211
/grphome/grp_tomo_db1_d4/nobackup/archive/ExperimentRuns/sma2022-07-13-169/Vibrio_deltacomEA_169_rec.mrc,tomo_212
/grphome/grp_tomo_db1_d4/nobackup/archive/ExperimentRuns/sma2022-07-13-170/Vibrio_deltacomEA_170_rec.mrc,tomo_213
/grphome/grp_tomo_db1_d4/nobackup/archive/ExperimentRuns/sma2022-07-13-171/Vibrio_deltacomEA_171_rec.mrc,tomo_214
/grphome/grp_tomo_db1_d4/nobackup/archive/ExperimentRuns/sma2022-07-13-172/Vibrio_deltacomEA_172_rec.mrc,tomo_215
/grphome/grp_tomo_db1_d4/nobackup/archive/ExperimentRuns/sma2022-07-13-173/Vibrio_deltacomEA_173_rec.mrc,tomo_216
/grphome/grp_tomo_db1_d4/nobackup/archive/ExperimentRuns/sma2022-07-13-174/Vibrio_deltacomEA_174_rec.mrc,tomo_217
/grphome/grp_tomo_db1_d4/nobackup/archive/ExperimentRuns/sma2022-07-13-175/Vibrio_deltacomEA_175_rec.mrc,tomo_218
/grphome/grp_tomo_db1_d4/nobackup/archive/ExperimentRuns/sma2022-07-13-176/Vibrio_deltacomEA_176_rec.mrc,tomo_219
/grphome/grp_tomo_db1_d4/nobackup/archive/ExperimentRuns/sma2022-07-13-177/Vibrio_deltacomEA_177_rec.mrc,tomo_220
/grphome/grp_tomo_db1_d4/nobackup/archive/ExperimentRuns/sma2022-07-13-178/Vibrio_deltacomEA_178_rec.mrc,tomo_221
/grphome/grp_tomo_db1_d4/nobackup/archive/ExperimentRuns/sma2022-07-13-179/Vibrio_deltacomEA_179_rec.mrc,tomo_222
/grphome/grp_tomo_db1_d4/nobackup/archive/ExperimentRuns/sma2022-07-13-180/Vibrio_deltacomEA_180_rec.mrc,tomo_223
/grphome/grp_tomo_db1_d4/nobackup/archive/ExperimentRuns/sma2022-07-13-181/Vibrio_deltacomEA_181_rec.mrc,tomo_224
/grphome/grp_tomo_db1_d4/nobackup/archive/ExperimentRuns/sma2022-07-13-60/Vibrio_dltacomEA_060_rec.mrc,tomo_225
/grphome/grp_tomo_db1_d4/nobackup/archive/ExperimentRuns/sma2022-08-05-1/Vibrio_pilQ35sfGFP_rec.mrc,tomo_226
/grphome/grp_tomo_db1_d4/nobackup/archive/ExperimentRuns/sma2022-09-19-1/Vibrio_pilTK136A_001_rec.mrc,tomo_227
/grphome/grp_tomo_db1_d4/nobackup/archive/ExperimentRuns/sma2022-09-19-2/Vibrio_pilTK136A_002_rec.mrc,tomo_228
/grphome/grp_tomo_db1_d4/nobackup/archive/ExperimentRuns/sma2022-10-07-3/Vibrio_pilTK136A_003_rec.mrc,tomo_229
/grphome/grp_tomo_db1_d4/nobackup/archive/ExperimentRuns/sma2022-10-07-4/Vibrio_pilTK136A_004_rec.mrc,tomo_230
/grphome/grp_tomo_db1_d4/nobackup/archive/ExperimentRuns/sma2022-09-19-3/Vibrio_pilTK136A_005_rec.mrc,tomo_231
/grphome/grp_tomo_db1_d4/nobackup/archive/ExperimentRuns/sma2022-09-19-4/Vibrio_pilTK136A_006_rec.mrc,tomo_232
/grphome/grp_tomo_db1_d4/nobackup/archive/ExperimentRuns/sma2022-09-19-5/Vibrio_pilTK136A_007_rec.mrc,tomo_233
/grphome/grp_tomo_db1_d4/nobackup/archive/ExperimentRuns/sma2022-09-19-6/Vibrio_pilTK136A_008_rec.mrc,tomo_234
/grphome/grp_tomo_db1_d4/nobackup/archive/ExperimentRuns/sma2022-09-19-7/Vibrio_pilTK136A_009_rec.mrc,tomo_235
/grphome/grp_tomo_db1_d4/nobackup/archive/ExperimentRuns/sma2022-09-19-8/Vibrio_pilTK136A_010_rec.mrc,tomo_236
/grphome/grp_tomo_db1_d4/nobackup/archive/ExperimentRuns/sma2022-09-19-9/Vibrio_pilTK136A_011_rec.mrc,tomo_237
/grphome/grp_tomo_db1_d4/nobackup/archive/ExperimentRuns/sma2022-09-19-10/Vibrio_pilTK136A_012_rec.mrc,tomo_238
/grphome/grp_tomo_db1_d4/nobackup/archive/ExperimentRuns/sma2022-09-19-11/Vibrio_pilTK136A_013_rec.mrc,tomo_239
/grphome/grp_tomo_db1_d4/nobackup/archive/ExperimentRuns/sma2022-09-19-12/Vibrio_pilTK136A_014_rec.mrc,tomo_240
/grphome/grp_tomo_db1_d4/nobackup/archive/ExperimentRuns/sma2022-09-19-13/Vibrio_pilTK136A_015_rec.mrc,tomo_241
/grphome/grp_tomo_db1_d4/nobackup/archive/ExperimentRuns/sma2022-09-19-14/Vibrio_pilTK136A_016_rec.mrc,tomo_242
/grphome/grp_tomo_db1_d4/nobackup/archive/ExperimentRuns/sma2022-09-19-15/Vibrio_pilTK136A_017_rec.mrc,tomo_243
/grphome/grp_tomo_db1_d4/nobackup/archive/ExperimentRuns/sma2022-09-19-16/Vibrio_pilTK136A_018_rec.mrc,tomo_244
/grphome/grp_tomo_db1_d4/nobackup/archive/ExperimentRuns/sma2022-09-19-17/Vibrio_pilTK136A_019_rec.mrc,tomo_245
/grphome/grp_tomo_db1_d4/nobackup/archive/ExperimentRuns/sma2022-09-19-18/Vibrio_pilTK136A_020_rec.mrc,tomo_246
/grphome/grp_tomo_db1_d4/nobackup/archive/ExperimentRuns/sma2022-09-19-19/Vibrio_pilTK136A_021_rec.mrc,tomo_247
/grphome/grp_tomo_db1_d4/nobackup/archive/ExperimentRuns/sma2022-09-19-20/Vibrio_pilTK136A_022_rec.mrc,tomo_248
/grphome/grp_tomo_db1_d4/nobackup/archive/ExperimentRuns/sma2022-09-19-21/Vibrio_pilTK136A_023_rec.mrc,tomo_249
/grphome/grp_tomo_db1_d4/nobackup/archive/ExperimentRuns/sma2022-09-19-22/Vibrio_pilTK136A_024_rec.mrc,tomo_250
/grphome/grp_tomo_db1_d4/nobackup/archive/ExperimentRuns/sma2022-09-19-23/Vibrio_pilTK136A_025_rec.mrc,tomo_251
/grphome/grp_tomo_db1_d4/nobackup/archive/ExperimentRuns/sma2022-09-19-24/Vibrio_pilTK136A_026_rec.mrc,tomo_252
/grphome/grp_tomo_db1_d4/nobackup/archive/ExperimentRuns/sma2022-09-19-25/Vibrio_pilTK136A_027_rec.mrc,tomo_253
/grphome/grp_tomo_db1_d4/nobackup/archive/ExperimentRuns/sma2022-09-19-26/Vibrio_pilTK136A_028_rec.mrc,tomo_254
/grphome/grp_tomo_db1_d4/nobackup/archive/ExperimentRuns/sma2022-10-07-29/Vibrio_pilTK136A_029_rec.mrc,tomo_255
/grphome/grp_tomo_db1_d4/nobackup/archive/ExperimentRuns/sma2022-09-19-28/Vibrio_pilTK136A_030_rec.mrc,tomo_256
/grphome/grp_tomo_db1_d4/nobackup/archive/ExperimentRuns/sma2022-09-19-29/Vibrio_pilTK136A_031_rec.mrc,tomo_257
/grphome/grp_tomo_db1_d4/nobackup/archive/ExperimentRuns/sma2022-09-19-30/Vibrio_pilTK136A_032_rec.mrc,tomo_258
/grphome/grp_tomo_db1_d4/nobackup/archive/ExperimentRuns/sma2022-09-19-31/Vibrio_pilTK136A_033_rec.mrc,tomo_259
/grphome/grp_tomo_db1_d4/nobackup/archive/ExperimentRuns/sma2022-09-19-32/Vibrio_pilTK136A_034_rec.mrc,tomo_260
/grphome/grp_tomo_db1_d4/nobackup/archive/ExperimentRuns/sma2022-09-19-33/Vibrio_pilTK136A_035_rec.mrc,tomo_261
/grphome/grp_tomo_db1_d4/nobackup/archive/ExperimentRuns/sma2022-09-19-34/Vibrio_pilTK136A_036_rec.mrc,tomo_262
/grphome/grp_tomo_db1_d4/nobackup/archive/ExperimentRuns/sma2022-09-19-35/Vibrio_pilTK136A_037_rec.mrc,tomo_263
/grphome/grp_tomo_db1_d4/nobackup/archive/ExperimentRuns/sma2022-09-19-36/Vibrio_pilTK136A_038_rec.mrc,tomo_264
/grphome/grp_tomo_db1_d4/nobackup/archive/ExperimentRuns/sma2022-09-19-37/Vibrio_pilTK136A_039_rec.mrc,tomo_265
/grphome/grp_tomo_db1_d4/nobackup/archive/ExperimentRuns/sma2022-09-19-38/Vibrio_pilTK136A_040_rec.mrc,tomo_266
/grphome/grp_tomo_db1_d4/nobackup/archive/ExperimentRuns/sma2022-09-19-39/Vibrio_pilTK136A_041_rec.mrc,tomo_267
/grphome/grp_tomo_db1_d4/nobackup/archive/ExperimentRuns/sma2022-09-19-40/Vibrio_pilTK136A_042_rec.mrc,tomo_268
/grphome/grp_tomo_db1_d4/nobackup/archive/ExperimentRuns/sma2022-09-19-41/Vibrio_pilTK136A_043_rec.mrc,tomo_269
/grphome/grp_tomo_db1_d4/nobackup/archive/ExperimentRuns/sma2022-09-19-42/Vibrio_pilTK136A_044_rec.mrc,tomo_270
/grphome/grp_tomo_db1_d4/nobackup/archive/ExperimentRuns/sma2022-09-19-43/Vibrio_pilTK136A_045_rec.mrc,tomo_271
/grphome/grp_tomo_db1_d4/nobackup/archive/ExperimentRuns/sma2022-09-19-44/Vibrio_pilTK136A_046_rec.mrc,tomo_272
/grphome/grp_tomo_db1_d4/nobackup/archive/ExperimentRuns/sma2022-09-19-45/Vibrio_pilTK136A_047_rec.mrc,tomo_273
/grphome/grp_tomo_db1_d4/nobackup/archive/ExperimentRuns/sma2022-09-19-46/Vibrio_pilTK136A_048_rec.mrc,tomo_274
/grphome/grp_tomo_db1_d4/nobackup/archive/ExperimentRuns/sma2022-09-19-47/Vibrio_pilTK136A_049_rec.mrc,tomo_275
/grphome/grp_tomo_db1_d4/nobackup/archive/ExperimentRuns/sma2022-09-19-48/Vibrio_pilTK136A_050_rec.mrc,tomo_276
/grphome/grp_tomo_db1_d4/nobackup/archive/ExperimentRuns/sma2022-09-19-49/Vibrio_pilTK136A_051_rec.mrc,tomo_277
/grphome/grp_tomo_db1_d4/nobackup/archive/ExperimentRuns/sma2022-09-19-50/Vibrio_pilTK136A_052_rec.mrc,tomo_278
/grphome/grp_tomo_db1_d4/nobackup/archive/ExperimentRuns/sma2022-09-19-51/Vibrio_pilTK136A_053_rec.mrc,tomo_279
/grphome/grp_tomo_db1_d4/nobackup/archive/ExperimentRuns/sma2022-09-19-52/Vibrio_pilTK136A_054_rec.mrc,tomo_280
/grphome/grp_tomo_db1_d4/nobackup/archive/ExperimentRuns/sma2022-09-19-53/Vibrio_pilTK136A_055_rec.mrc,tomo_281
/grphome/grp_tomo_db1_d4/nobackup/archive/ExperimentRuns/sma2022-09-19-54/Vibrio_pilTK136A_056_rec.mrc,tomo_282
/grphome/grp_tomo_db1_d4/nobackup/archive/ExperimentRuns/sma2022-09-19-55/Vibrio_pilTK136A_057_rec.mrc,tomo_283
/grphome/grp_tomo_db1_d4/nobackup/archive/ExperimentRuns/sma2022-09-19-56/Vibrio_pilTK136A_058_rec.mrc,tomo_284
/grphome/grp_tomo_db1_d4/nobackup/archive/ExperimentRuns/sma2022-09-19-57/Vibrio_pilTK136A_059_rec.mrc,tomo_285
/grphome/grp_tomo_db1_d4/nobackup/archive/ExperimentRuns/sma2022-09-19-58/Vibrio_pilTK136A_060_rec.mrc,tomo_286
/grphome/grp_tomo_db1_d4/nobackup/archive/ExperimentRuns/sma2022-09-19-59/Vibrio_pilTK136A_061_rec.mrc,tomo_287
/grphome/grp_tomo_db1_d4/nobackup/archive/ExperimentRuns/sma2022-09-19-60/Vibrio_pilTK136A_062_rec.mrc,tomo_288
/grphome/grp_tomo_db1_d4/nobackup/archive/ExperimentRuns/sma2022-09-19-61/Vibrio_pilTK136A_063_rec.mrc,tomo_289
/grphome/grp_tomo_db1_d4/nobackup/archive/ExperimentRuns/sma2022-09-19-62/Vibrio_pilTK136A_064_rec.mrc,tomo_290
/grphome/grp_tomo_db1_d4/nobackup/archive/ExperimentRuns/sma2022-09-19-63/Vibrio_pilTK136A_065_rec.mrc,tomo_291
/grphome/grp_tomo_db1_d4/nobackup/archive/ExperimentRuns/sma2022-09-19-64/Vibrio_pilTK136A_066_rec.mrc,tomo_292
/grphome/grp_tomo_db1_d4/nobackup/archive/ExperimentRuns/sma2022-09-19-65/Vibrio_pilTK136A_067_rec.mrc,tomo_293
/grphome/grp_tomo_db1_d4/nobackup/archive/ExperimentRuns/sma2022-09-19-66/Vibrio_pilTK136A_068_rec.mrc,tomo_294
/grphome/grp_tomo_db1_d4/nobackup/archive/ExperimentRuns/sma2022-09-19-67/Vibrio_pilTK136A_069_rec.mrc,tomo_295
/grphome/grp_tomo_db1_d4/nobackup/archive/ExperimentRuns/sma2022-09-19-68/Vibrio_pilTK136A_070_rec.mrc,tomo_296
/grphome/grp_tomo_db1_d4/nobackup/archive/ExperimentRuns/sma2022-09-19-69/Vibrio_pilTK136A_071_rec.mrc,tomo_297
/grphome/grp_tomo_db1_d4/nobackup/archive/ExperimentRuns/sma2022-09-19-70/Vibrio_pilTK136A_072_rec.mrc,tomo_298
/grphome/grp_tomo_db1_d4/nobackup/archive/ExperimentRuns/sma2022-09-19-71/Vibrio_pilTK136A_073_rec.mrc,tomo_299
/grphome/grp_tomo_db1_d4/nobackup/archive/ExperimentRuns/sma2022-09-19-72/Vibrio_pilTK136A_074_rec.mrc,tomo_300
/grphome/grp_tomo_db1_d4/nobackup/archive/ExperimentRuns/sma2022-09-19-73/Vibrio_pilTK136A_075_rec.mrc,tomo_301
/grphome/grp_tomo_db1_d4/nobackup/archive/ExperimentRuns/sma2022-09-19-74/Vibrio_pilTK136A_076_rec.mrc,tomo_302
/grphome/grp_tomo_db1_d4/nobackup/archive/ExperimentRuns/sma2022-09-19-75/Vibrio_pilTK136A_077_rec.mrc,tomo_303
/grphome/grp_tomo_db1_d4/nobackup/archive/ExperimentRuns/sma2022-09-19-76/Vibrio_pilTK136A_078_rec.mrc,tomo_304
/grphome/grp_tomo_db1_d4/nobackup/archive/ExperimentRuns/sma2022-09-19-77/Vibrio_pilTK136A_079_rec.mrc,tomo_305
/grphome/grp_tomo_db1_d4/nobackup/archive/ExperimentRuns/sma2022-09-19-78/Vibrio_pilTK136A_080_rec.mrc,tomo_306
/grphome/grp_tomo_db1_d4/nobackup/archive/ExperimentRuns/sma2022-09-19-79/Vibrio_pilTK136A_081_rec.mrc,tomo_307
/grphome/grp_tomo_db1_d4/nobackup/archive/ExperimentRuns/sma2022-09-19-80/Vibrio_pilTK136A_082_rec.mrc,tomo_308
/grphome/grp_tomo_db1_d4/nobackup/archive/ExperimentRuns/sma2022-09-19-81/Vibrio_pilTK136A_083_rec.mrc,tomo_309
/grphome/grp_tomo_db1_d4/nobackup/archive/ExperimentRuns/sma2022-09-19-82/Vibrio_pilTK136A_084_rec.mrc,tomo_310
/grphome/grp_tomo_db1_d4/nobackup/archive/ExperimentRuns/sma2022-09-19-83/Vibrio_pilTK136A_085_rec.mrc,tomo_311
/grphome/grp_tomo_db1_d4/nobackup/archive/ExperimentRuns/sma2022-09-19-84/Vibrio_pilTK136A_086_rec.mrc,tomo_312
/grphome/grp_tomo_db1_d4/nobackup/archive/ExperimentRuns/sma2022-09-19-85/Vibrio_pilTK136A_087_rec.mrc,tomo_313
/grphome/grp_tomo_db1_d4/nobackup/archive/ExperimentRuns/sma2022-09-19-86/Vibrio_pilTK136A_088_rec.mrc,tomo_314
/grphome/grp_tomo_db1_d4/nobackup/archive/ExperimentRuns/sma2022-09-19-87/Vibrio_pilTK136A_089_rec.mrc,tomo_315
/grphome/grp_tomo_db1_d4/nobackup/archive/ExperimentRuns/sma2022-09-19-88/Vibrio_pilTK136A_090_rec.mrc,tomo_316
/grphome/grp_tomo_db1_d4/nobackup/archive/ExperimentRuns/sma2022-09-19-89/Vibrio_pilTK136A_091_rec.mrc,tomo_317
/grphome/grp_tomo_db1_d4/nobackup/archive/ExperimentRuns/sma2022-09-19-90/Vibrio_pilTK136A_092_rec.mrc,tomo_318
/grphome/grp_tomo_db1_d4/nobackup/archive/ExperimentRuns/sma2022-09-19-91/Vibrio_pilTK136A_093_rec.mrc,tomo_319
/grphome/grp_tomo_db1_d4/nobackup/archive/ExperimentRuns/sma2022-09-19-92/Vibrio_pilTK136A_094_rec.mrc,tomo_320
/grphome/grp_tomo_db1_d4/nobackup/archive/ExperimentRuns/sma2022-09-19-93/Vibrio_pilTK136A_095_rec.mrc,tomo_321
/grphome/grp_tomo_db1_d4/nobackup/archive/ExperimentRuns/sma2022-09-19-94/Vibrio_pilTK136A_096_rec.mrc,tomo_322
/grphome/grp_tomo_db1_d4/nobackup/archive/ExperimentRuns/sma2022-09-19-95/Vibrio_pilTK136A_097_rec.mrc,tomo_323
/grphome/grp_tomo_db1_d4/nobackup/archive/ExperimentRuns/sma2022-09-19-96/Vibrio_pilTK136A_098_rec.mrc,tomo_324
/grphome/grp_tomo_db1_d4/nobackup/archive/ExperimentRuns/sma2022-09-19-97/Vibrio_pilTK136A_099_rec.mrc,tomo_325
/grphome/grp_tomo_db1_d4/nobackup/archive/ExperimentRuns/sma2022-09-19-98/Vibrio_pilTK136A_100_rec.mrc,tomo_326
/grphome/grp_tomo_db1_d4/nobackup/archive/ExperimentRuns/sma2022-09-19-99/Vibrio_pilTK136A_101_rec.mrc,tomo_327
/grphome/grp_tomo_db1_d4/nobackup/archive/ExperimentRuns/sma2022-09-19-100/Vibrio_pilTK136A_102_rec.mrc,tomo_328
/grphome/grp_tomo_db1_d4/nobackup/archive/ExperimentRuns/sma2022-09-19-101/Vibrio_pilTK136A_103_rec.mrc,tomo_329
/grphome/grp_tomo_db1_d4/nobackup/archive/ExperimentRuns/sma2022-09-19-102/Vibrio_pilTK136A_104_rec.mrc,tomo_330
/grphome/grp_tomo_db1_d4/nobackup/archive/ExperimentRuns/sma2022-09-19-103/Vibrio_pilTK136A_105_rec.mrc,tomo_331
/grphome/grp_tomo_db1_d4/nobackup/archive/ExperimentRuns/sma2022-09-19-104/Vibrio_pilTK136A_106_rec.mrc,tomo_332
/grphome/grp_tomo_db1_d4/nobackup/archive/ExperimentRuns/sma2022-09-19-105/Vibrio_pilTK136A_107_rec.mrc,tomo_333
/grphome/grp_tomo_db1_d4/nobackup/archive/ExperimentRuns/sma2022-09-19-106/Vibrio_pilTK136A_108_rec.mrc,tomo_334
/grphome/grp_tomo_db1_d4/nobackup/archive/ExperimentRuns/sma2022-09-19-107/Vibrio_pilTK136A_109_rec.mrc,tomo_335
/grphome/grp_tomo_db1_d4/nobackup/archive/ExperimentRuns/sma2022-09-19-108/Vibrio_pilTK136A_110_rec.mrc,tomo_336
/grphome/grp_tomo_db1_d4/nobackup/archive/ExperimentRuns/sma2022-09-19-109/Vibrio_pilTK136A_111_rec.mrc,tomo_337
/grphome/grp_tomo_db1_d4/nobackup/archive/ExperimentRuns/sma2022-09-19-110/Vibrio_pilTK136A_112_rec.mrc,tomo_338
/grphome/grp_tomo_db1_d4/nobackup/archive/ExperimentRuns/sma2022-09-19-111/Vibrio_pilTK136A_113_rec.mrc,tomo_339
/grphome/grp_tomo_db1_d4/nobackup/archive/ExperimentRuns/sma2022-09-19-112/Vibrio_pilTK136A_114_rec.mrc,tomo_340
/grphome/grp_tomo_db1_d4/nobackup/archive/ExperimentRuns/sma2022-09-19-113/Vibrio_pilTK136A_115_rec.mrc,tomo_341
/grphome/grp_tomo_db1_d4/nobackup/archive/ExperimentRuns/sma2022-09-19-114/Vibrio_pilTK136A_116_rec.mrc,tomo_342
/grphome/grp_tomo_db1_d4/nobackup/archive/ExperimentRuns/sma2022-09-19-115/Vibrio_pilTK136A_117_rec.mrc,tomo_343
/grphome/grp_tomo_db1_d4/nobackup/archive/ExperimentRuns/sma2022-09-19-116/Vibrio_pilTK136A_118_rec.mrc,tomo_344
/grphome/grp_tomo_db1_d4/nobackup/archive/ExperimentRuns/sma2022-09-19-117/Vibrio_pilTK136A_119_rec.mrc,tomo_345
/grphome/grp_tomo_db1_d4/nobackup/archive/ExperimentRuns/sma2022-09-19-118/Vibrio_pilTK136A_120_rec.mrc,tomo_346
/grphome/grp_tomo_db1_d4/nobackup/archive/ExperimentRuns/sma2022-09-19-119/Vibrio_pilTK136A_121_rec.mrc,tomo_347
/grphome/grp_tomo_db1_d4/nobackup/archive/ExperimentRuns/sma2022-09-19-120/Vibrio_pilTK136A_122_rec.mrc,tomo_348
/grphome/grp_tomo_db1_d4/nobackup/archive/ExperimentRuns/sma2022-09-19-121/Vibrio_pilTK136A_123_rec.mrc,tomo_349
/grphome/grp_tomo_db1_d4/nobackup/archive/ExperimentRuns/sma2022-09-19-122/Vibrio_pilTK136A_124_rec.mrc,tomo_350
/grphome/grp_tomo_db1_d4/nobackup/archive/ExperimentRuns/sma2022-09-19-123/Vibrio_pilTK136A_125_rec.mrc,tomo_351
/grphome/grp_tomo_db1_d4/nobackup/archive/ExperimentRuns/sma2022-09-19-124/Vibrio_pilTK136A_126_rec.mrc,tomo_352
/grphome/grp_tomo_db1_d4/nobackup/archive/ExperimentRuns/sma2022-09-19-125/Vibrio_pilTK136A_127_rec.mrc,tomo_353
/grphome/grp_tomo_db1_d4/nobackup/archive/ExperimentRuns/sma2022-09-19-126/Vibrio_pilTK136A_128_rec.mrc,tomo_354
/grphome/grp_tomo_db1_d4/nobackup/archive/ExperimentRuns/sma2022-09-19-127/Vibrio_pilTK136A_129_rec.mrc,tomo_355
/grphome/grp_tomo_db1_d4/nobackup/archive/ExperimentRuns/sma2022-09-19-128/Vibrio_pilTK136A_130_rec.mrc,tomo_356
/grphome/grp_tomo_db1_d4/nobackup/archive/ExperimentRuns/sma2022-09-19-129/Vibrio_pilTK136A_131_rec.mrc,tomo_357
/grphome/grp_tomo_db1_d4/nobackup/archive/ExperimentRuns/sma2022-09-19-130/Vibrio_pilTK136A_132_rec.mrc,tomo_358
/grphome/grp_tomo_db1_d4/nobackup/archive/ExperimentRuns/sma2022-09-19-131/Vibrio_pilTK136A_133_rec.mrc,tomo_359
/grphome/grp_tomo_db1_d4/nobackup/archive/ExperimentRuns/sma2022-09-19-132/Vibrio_pilTK136A_134_rec.mrc,tomo_360
/grphome/grp_tomo_db1_d4/nobackup/archive/ExperimentRuns/sma2022-09-19-133/Vibrio_pilTK136A_135_rec.mrc,tomo_361
/grphome/grp_tomo_db1_d4/nobackup/archive/ExperimentRuns/sma2022-09-19-134/Vibrio_pilTK136A_136_rec.mrc,tomo_362
/grphome/grp_tomo_db1_d4/nobackup/archive/ExperimentRuns/sma2022-09-19-135/Vibrio_pilTK136A_137_rec.mrc,tomo_363
/grphome/grp_tomo_db1_d4/nobackup/archive/ExperimentRuns/sma2022-09-19-136/Vibrio_pilTK136A_138_rec.mrc,tomo_364
/grphome/grp_tomo_db1_d4/nobackup/archive/ExperimentRuns/sma2022-09-19-137/Vibrio_pilTK136A_139_rec.mrc,tomo_365
/grphome/grp_tomo_db1_d4/nobackup/archive/ExperimentRuns/sma2022-09-19-138/Vibrio_pilTK136A_140_rec.mrc,tomo_366
/grphome/grp_tomo_db1_d4/nobackup/archive/ExperimentRuns/sma2022-09-19-139/Vibrio_pilTK136A_141_rec.mrc,tomo_367
/grphome/grp_tomo_db1_d4/nobackup/archive/ExperimentRuns/sma2022-09-19-140/Vibrio_pilTK136A_142_rec.mrc,tomo_368
/grphome/grp_tomo_db1_d4/nobackup/archive/ExperimentRuns/sma2022-09-19-141/Vibrio_pilTK136A_143_rec.mrc,tomo_369
/grphome/grp_tomo_db1_d4/nobackup/archive/ExperimentRuns/sma2022-09-19-142/Vibrio_pilTK136A_144_rec.mrc,tomo_370
/grphome/grp_tomo_db1_d4/nobackup/archive/ExperimentRuns/sma2022-09-19-143/Vibrio_pilTK136A_145_rec.mrc,tomo_371
/grphome/grp_tomo_db1_d4/nobackup/archive/ExperimentRuns/sma2022-09-19-144/Vibrio_pilTK136A_146_rec.mrc,tomo_372
/grphome/grp_tomo_db1_d4/nobackup/archive/ExperimentRuns/sma2022-09-19-145/Vibrio_pilTK136A_147_rec.mrc,tomo_373
/grphome/grp_tomo_db1_d4/nobackup/archive/ExperimentRuns/sma2022-09-19-146/Vibrio_pilTK136A_148_rec.mrc,tomo_374
/grphome/grp_tomo_db1_d4/nobackup/archive/ExperimentRuns/sma2022-09-19-147/Vibrio_pilTK136A_149_rec.mrc,tomo_375
/grphome/grp_tomo_db1_d4/nobackup/archive/ExperimentRuns/sma2022-09-19-148/Vibrio_pilTK136A_150_rec.mrc,tomo_376
/grphome/grp_tomo_db1_d4/nobackup/archive/ExperimentRuns/sma2022-09-19-149/Vibrio_pilTK136A_151_rec.mrc,tomo_377
/grphome/grp_tomo_db1_d4/nobackup/archive/ExperimentRuns/sma2022-09-19-150/Vibrio_pilTK136A_152_rec.mrc,tomo_378
/grphome/grp_tomo_db1_d4/nobackup/archive/ExperimentRuns/sma2022-09-19-151/Vibrio_pilTK136A_153_rec.mrc,tomo_379
/grphome/grp_tomo_db1_d4/nobackup/archive/ExperimentRuns/sma2022-09-19-152/Vibrio_pilTK136A_154_rec.mrc,tomo_380
/grphome/grp_tomo_db1_d4/nobackup/archive/ExperimentRuns/sma2022-09-19-153/Vibrio_pilTK136A_155_rec.mrc,tomo_381
/grphome/grp_tomo_db1_d4/nobackup/archive/ExperimentRuns/sma2022-09-19-154/Vibrio_pilTK136A_156_rec.mrc,tomo_382
/grphome/grp_tomo_db1_d4/nobackup/archive/ExperimentRuns/sma2022-09-19-155/Vibrio_pilTK136A_157_rec.mrc,tomo_383
/grphome/grp_tomo_db1_d4/nobackup/archive/ExperimentRuns/sma2022-09-19-156/Vibrio_pilTK136A_158_rec.mrc,tomo_384
/grphome/grp_tomo_db1_d4/nobackup/archive/ExperimentRuns/sma2022-09-19-157/Vibrio_pilTK136A_159_rec.mrc,tomo_385
/grphome/grp_tomo_db1_d4/nobackup/archive/ExperimentRuns/sma2022-09-19-158/Vibrio_pilTK136A_160_rec.mrc,tomo_386
/grphome/grp_tomo_db1_d4/nobackup/archive/ExperimentRuns/Vibrio_pilT_pilU_100/Vibrio_pilTpilU_100_rec.mrc,tomo_387
/grphome/grp_tomo_db1_d4/nobackup/archive/ExperimentRuns/Vibrio_pilT_pilU_101/Vibrio_pilTpilU_101_rec.mrc,tomo_388
/grphome/grp_tomo_db1_d4/nobackup/archive/ExperimentRuns/Vibrio_pilT_pilU_102/Vibrio_pilTpilU_102_rec.mrc,tomo_389
/grphome/grp_tomo_db1_d4/nobackup/archive/ExperimentRuns/Vibrio_pilT_pilU_103/Vibrio_pilTpilU_103_rec.mrc,tomo_390
/grphome/grp_tomo_db1_d4/nobackup/archive/ExperimentRuns/Vibrio_pilT_pilU_104/Vibrio_pilTpilU_104_rec.mrc,tomo_391
/grphome/grp_tomo_db1_d4/nobackup/archive/ExperimentRuns/Vibrio_pilT_pilU_105/Vibrio_pilTpilU_105_rec.mrc,tomo_392
/grphome/grp_tomo_db1_d4/nobackup/archive/ExperimentRuns/Vibrio_pilT_pilU_106/Vibrio_pilTpilU_106_rec.mrc,tomo_393
/grphome/grp_tomo_db1_d4/nobackup/archive/ExperimentRuns/Vibrio_pilT_pilU_107/Vibrio_pilTpilU_107_rec.mrc,tomo_394
/grphome/grp_tomo_db1_d4/nobackup/archive/ExperimentRuns/Vibrio_pilT_pilU_108/Vibrio_pilTpilU_108_rec.mrc,tomo_395
/grphome/grp_tomo_db1_d4/nobackup/archive/ExperimentRuns/Vibrio_pilT_pilU_109/Vibrio_pilTpilU_109_rec.mrc,tomo_396
/grphome/grp_tomo_db1_d4/nobackup/archive/ExperimentRuns/Vibrio_pilT_pilU_110/Vibrio_pilTpilU_110_rec.mrc,tomo_397
/grphome/grp_tomo_db1_d4/nobackup/archive/ExperimentRuns/Vibrio_pilT_pilU_111/Vibrio_pilTpilU_111_rec.mrc,tomo_398
/grphome/grp_tomo_db1_d4/nobackup/archive/ExperimentRuns/Vibrio_pilT_pilU_112/Vibrio_pilTpilU_112_rec.mrc,tomo_399
/grphome/grp_tomo_db1_d4/nobackup/archive/ExperimentRuns/Vibrio_pilT_pilU_113/Vibrio_pilTpilU_113_rec.mrc,tomo_400
/grphome/grp_tomo_db1_d4/nobackup/archive/ExperimentRuns/Vibrio_pilT_pilU_115/Vibrio_pilTpilU_115_rec.mrc,tomo_401
/grphome/grp_tomo_db1_d4/nobackup/archive/ExperimentRuns/Vibrio_pilT_pilU_118/Vibrio_pilTpilU_118_rec.mrc,tomo_402
/grphome/grp_tomo_db1_d4/nobackup/archive/ExperimentRuns/Vibrio_pilT_pilU_119/Vibrio_pilTpilU_119_rec.mrc,tomo_403
/grphome/grp_tomo_db1_d4/nobackup/archive/ExperimentRuns/Vibrio_pilT_pilU_120/Vibrio_pilTpilU_120_rec.mrc,tomo_404
/grphome/grp_tomo_db1_d4/nobackup/archive/ExperimentRuns/Vibrio_pilT_pilU_121/Vibrio_pilTpilU_121_rec.mrc,tomo_405
/grphome/grp_tomo_db1_d4/nobackup/archive/ExperimentRuns/Vibrio_pilT_pilU_122/Vibrio_pilTpilU_122_rec.mrc,tomo_406
/grphome/grp_tomo_db1_d4/nobackup/archive/ExperimentRuns/Vibrio_pilT_pilU_125/Vibrio_pilTpilU_125_rec.mrc,tomo_407
/grphome/grp_tomo_db1_d4/nobackup/archive/ExperimentRuns/Vibrio_pilT_pilU_126/Vibrio_pilTpilU_126_rec.mrc,tomo_408
/grphome/grp_tomo_db1_d4/nobackup/archive/ExperimentRuns/Vibrio_pilT_pilU_127/Vibrio_pilTpilU_127_rec.mrc,tomo_409
/grphome/grp_tomo_db1_d4/nobackup/archive/ExperimentRuns/Vibrio_pilT_pilU_129/Vibrio_pilTpilU_129_rec.mrc,tomo_410
/grphome/grp_tomo_db1_d4/nobackup/archive/ExperimentRuns/Vibrio_pilT_pilU_130/Vibrio_pilTpilU_130_rec.mrc,tomo_411
/grphome/grp_tomo_db1_d4/nobackup/archive/ExperimentRuns/Vibrio_pilT_pilU_131/Vibrio_pilTpilU_131_rec.mrc,tomo_412
/grphome/grp_tomo_db1_d4/nobackup/archive/ExperimentRuns/Vibrio_pilT_pilU_132/Vibrio_pilTpilU_132_rec.mrc,tomo_413
/grphome/grp_tomo_db1_d4/nobackup/archive/ExperimentRuns/Vibrio_pilT_pilU_133/Vibrio_pilTpilU_133_rec.mrc,tomo_414
/grphome/grp_tomo_db1_d4/nobackup/archive/ExperimentRuns/Vibrio_pilT_pilU_134/Vibrio_pilTpilU_134_rec.mrc,tomo_415
/grphome/grp_tomo_db1_d4/nobackup/archive/ExperimentRuns/Vibrio_pilT_pilU_135/Vibrio_pilTpilU_135_rec.mrc,tomo_416
/grphome/grp_tomo_db1_d4/nobackup/archive/ExperimentRuns/Vibrio_pilT_pilU_136/Vibrio_pilTpilU_136_rec.mrc,tomo_417
/grphome/grp_tomo_db1_d4/nobackup/archive/ExperimentRuns/Vibrio_pilT_pilU_137/Vibrio_pilTpilU_137_rec.mrc,tomo_418
/grphome/grp_tomo_db1_d4/nobackup/archive/ExperimentRuns/Vibrio_pilT_pilU_138/Vibrio_pilTpilU_138_rec.mrc,tomo_419
/grphome/grp_tomo_db1_d4/nobackup/archive/ExperimentRuns/Vibrio_pilT_pilU_139/Vibrio_pilTpilU_139_rec.mrc,tomo_420
/grphome/grp_tomo_db1_d4/nobackup/archive/ExperimentRuns/Vibrio_pilT_pilU_140/Vibrio_pilTpilU_140_rec.mrc,tomo_421
/grphome/grp_tomo_db1_d4/nobackup/archive/ExperimentRuns/Vibrio_pilT_pilU_141/Vibrio_pilTpilU_141_rec.mrc,tomo_422
/grphome/grp_tomo_db1_d4/nobackup/archive/ExperimentRuns/Vibrio_pilT_pilU_142/Vibrio_pilTpilU_142_rec.mrc,tomo_423
/grphome/grp_tomo_db1_d4/nobackup/archive/ExperimentRuns/Vibrio_pilT_pilU_143/Vibrio_pilTpilU_143_rec.mrc,tomo_424
/grphome/grp_tomo_db1_d4/nobackup/archive/ExperimentRuns/Vibrio_pilT_pilU_144/Vibrio_pilTpilU_144_rec.mrc,tomo_425
/grphome/grp_tomo_db1_d4/nobackup/archive/ExperimentRuns/Vibrio_pilT_pilU_145/Vibrio_pilTpilU_145_rec.mrc,tomo_426
/grphome/grp_tomo_db1_d4/nobackup/archive/ExperimentRuns/Vibrio_pilT_pilU_146/Vibrio_pilTpilU_146_rec.mrc,tomo_427
/grphome/grp_tomo_db1_d4/nobackup/archive/ExperimentRuns/Vibrio_pilT_pilU_147/Vibrio_pilTpilU_147_rec.mrc,tomo_428
/grphome/grp_tomo_db1_d4/nobackup/archive/ExperimentRuns/Vibrio_pilT_pilU_148/Vibrio_pilTpilU_148_rec.mrc,tomo_429
/grphome/grp_tomo_db1_d4/nobackup/archive/ExperimentRuns/Vibrio_pilT_pilU_149/Vibrio_pilTpilU_149_rec.mrc,tomo_430
/grphome/grp_tomo_db1_d4/nobackup/archive/ExperimentRuns/Vibrio_pilT_pilU_150/Vibrio_pilTpilU_150_rec.mrc,tomo_431
/grphome/grp_tomo_db1_d4/nobackup/archive/ExperimentRuns/Vibrio_pilT_pilU_151/Vibrio_pilTpilU_151_rec.mrc,tomo_432
/grphome/grp_tomo_db1_d4/nobackup/archive/ExperimentRuns/Vibrio_pilT_pilU_152/Vibrio_pilTpilU_152_rec.mrc,tomo_433
/grphome/grp_tomo_db1_d4/nobackup/archive/ExperimentRuns/Vibrio_pilT_pilU_153/Vibrio_pilTpilU_153_rec.mrc,tomo_434
/grphome/grp_tomo_db1_d4/nobackup/archive/ExperimentRuns/Vibrio_pilT_pilU_154/Vibrio_pilTpilU_154_rec.mrc,tomo_435
/grphome/grp_tomo_db1_d4/nobackup/archive/ExperimentRuns/Vibrio_pilT_pilU_155/Vibrio_pilTpilU_155_rec.mrc,tomo_436
/grphome/grp_tomo_db1_d4/nobackup/archive/ExperimentRuns/Vibrio_pilT_pilU_156/Vibrio_pilTpilU_156_rec.mrc,tomo_437
/grphome/grp_tomo_db1_d4/nobackup/archive/ExperimentRuns/Vibrio_pilT_pilU_158/Vibrio_pilTpilU_158_rec.mrc,tomo_438
/grphome/grp_tomo_db1_d4/nobackup/archive/ExperimentRuns/Vibrio_pilT_pilU_159/Vibrio_pilTpilU_159_rec.mrc,tomo_439
/grphome/grp_tomo_db1_d4/nobackup/archive/ExperimentRuns/Vibrio_pilT_pilU_160/Vibrio_pilTpilU_160_rec.mrc,tomo_440
/grphome/grp_tomo_db1_d4/nobackup/archive/ExperimentRuns/Vibrio_pilT_pilU_161/Vibrio_pilTpilU_161_rec.mrc,tomo_441
/grphome/grp_tomo_db1_d4/nobackup/archive/ExperimentRuns/Vibrio_pilT_pilU_162/Vibrio_pilTpilU_162_rec.mrc,tomo_442
/grphome/grp_tomo_db1_d4/nobackup/archive/ExperimentRuns/Vibrio_pilT_pilU_163/Vibrio_pilTpilU_163_rec.mrc,tomo_443
/grphome/grp_tomo_db1_d4/nobackup/archive/ExperimentRuns/Vibrio_pilT_pilU_164/Vibrio_pilTpilU_164_rec.mrc,tomo_444
/grphome/grp_tomo_db1_d4/nobackup/archive/ExperimentRuns/Vibrio_pilT_pilU_165/Vibrio_pilTpilU_165_rec.mrc,tomo_445
/grphome/grp_tomo_db1_d4/nobackup/archive/ExperimentRuns/Vibrio_pilT_pilU_166/Vibrio_pilTpilU_166_rec.mrc,tomo_446
/grphome/grp_tomo_db1_d4/nobackup/archive/ExperimentRuns/Vibrio_pilT_pilU_167/Vibrio_pilTpilU_167_rec.mrc,tomo_447
/grphome/grp_tomo_db1_d4/nobackup/archive/ExperimentRuns/Vibrio_pilT_pilU_168/Vibrio_pilTpilU_168_rec.mrc,tomo_448
/grphome/grp_tomo_db1_d4/nobackup/archive/ExperimentRuns/Vibrio_pilT_pilU_169/Vibrio_pilTpilU_169_rec.mrc,tomo_449
/grphome/grp_tomo_db1_d4/nobackup/archive/ExperimentRuns/Vibrio_pilT_pilU_170/Vibrio_pilTpilU_170_rec.mrc,tomo_450
/grphome/grp_tomo_db1_d4/nobackup/archive/ExperimentRuns/Vibrio_pilT_pilU_171/Vibrio_pilTpilU_171_rec.mrc,tomo_451
/grphome/grp_tomo_db1_d4/nobackup/archive/ExperimentRuns/Vibrio_pilT_pilU_172/Vibrio_pilTpilU_172_rec.mrc,tomo_452
/grphome/grp_tomo_db1_d4/nobackup/archive/ExperimentRuns/Vibrio_pilT_pilU_173/Vibrio_pilTpilU_173_rec.mrc,tomo_453
/grphome/grp_tomo_db1_d4/nobackup/archive/ExperimentRuns/Vibrio_pilT_pilU_174/Vibrio_pilTpilU_174_rec.mrc,tomo_454
/grphome/grp_tomo_db1_d4/nobackup/archive/ExperimentRuns/Vibrio_pilT_pilU_175/Vibrio_pilTpilU_175_rec.mrc,tomo_455
/grphome/grp_tomo_db1_d4/nobackup/archive/ExperimentRuns/Vibrio_pilT_pilU_176/Vibrio_pilTpilU_176_rec.mrc,tomo_456
/grphome/grp_tomo_db1_d4/nobackup/archive/ExperimentRuns/Vibrio_pilT_pilU_177/Vibrio_pilTpilU_177_rec.mrc,tomo_457
/grphome/grp_tomo_db1_d4/nobackup/archive/ExperimentRuns/Vibrio_pilT_pilU_36/Vibrio_pilTpilU_36_rec.mrc,tomo_458
/grphome/grp_tomo_db1_d4/nobackup/archive/ExperimentRuns/Vibrio_pilT_pilU_37/Vibrio_pilTpilU_37_rec.mrc,tomo_459
/grphome/grp_tomo_db1_d4/nobackup/archive/ExperimentRuns/Vibrio_pilT_pilU_38/Vibrio_pilTpilU_38_rec.mrc,tomo_460
/grphome/grp_tomo_db1_d4/nobackup/archive/ExperimentRuns/Vibrio_pilT_pilU_39/Vibrio_pilTpilU_39_rec.mrc,tomo_461
/grphome/grp_tomo_db1_d4/nobackup/archive/ExperimentRuns/Vibrio_pilT_pilU_40/Vibrio_pilTpilU_40_rec.mrc,tomo_462
/grphome/grp_tomo_db1_d4/nobackup/archive/ExperimentRuns/Vibrio_pilT_pilU_41/Vibrio_pilTpilU_41_rec.mrc,tomo_463
/grphome/grp_tomo_db1_d4/nobackup/archive/ExperimentRuns/Vibrio_pilT_pilU_42/Vibrio_pilTpilU_42_rec.mrc,tomo_464
/grphome/grp_tomo_db1_d4/nobackup/archive/ExperimentRuns/Vibrio_pilT_pilU_43/Vibrio_pilTpilU_43_rec.mrc,tomo_465
/grphome/grp_tomo_db1_d4/nobackup/archive/ExperimentRuns/Vibrio_pilT_pilU_44/Vibrio_pilTpilU_44_rec.mrc,tomo_466
/grphome/grp_tomo_db1_d4/nobackup/archive/ExperimentRuns/Vibrio_pilT_pilU_45/Vibrio_pilTpilU_45_rec.mrc,tomo_467
/grphome/grp_tomo_db1_d4/nobackup/archive/ExperimentRuns/Vibrio_pilT_pilU_46/Vibrio_pilTpilU_46_rec.mrc,tomo_468
/grphome/grp_tomo_db1_d4/nobackup/archive/ExperimentRuns/Vibrio_pilT_pilU_47/Vibrio_pilTpilU_47_rec.mrc,tomo_469
/grphome/grp_tomo_db1_d4/nobackup/archive/ExperimentRuns/Vibrio_pilT_pilU_48/Vibrio_pilTpilU_48_rec.mrc,tomo_470
/grphome/grp_tomo_db1_d4/nobackup/archive/ExperimentRuns/Vibrio_pilT_pilU_49/Vibrio_pilTpilU_49_rec.mrc,tomo_471
/grphome/grp_tomo_db1_d4/nobackup/archive/ExperimentRuns/Vibrio_pilT_pilU_50/Vibrio_pilTpilU_50_rec.mrc,tomo_472
/grphome/grp_tomo_db1_d4/nobackup/archive/ExperimentRuns/Vibrio_pilT_pilU_51/Vibrio_pilTpilU_51_rec.mrc,tomo_473
/grphome/grp_tomo_db1_d4/nobackup/archive/ExperimentRuns/Vibrio_pilT_pilU_52/Vibrio_pilTpilU_52_rec.mrc,tomo_474
/grphome/grp_tomo_db1_d4/nobackup/archive/ExperimentRuns/Vibrio_pilT_pilU_54/Vibrio_pilTpilU_54_rec.mrc,tomo_475
/grphome/grp_tomo_db1_d4/nobackup/archive/ExperimentRuns/Vibrio_pilT_pilU_55/Vibrio_pilTpilU_55_rec.mrc,tomo_476
/grphome/grp_tomo_db1_d4/nobackup/archive/ExperimentRuns/Vibrio_pilT_pilU_57/Vibrio_pilTpilU_57_rec.mrc,tomo_477
/grphome/grp_tomo_db1_d4/nobackup/archive/ExperimentRuns/Vibrio_pilT_pilU_58/Vibrio_pilTpilU_58_rec.mrc,tomo_478
/grphome/grp_tomo_db1_d4/nobackup/archive/ExperimentRuns/Vibrio_pilT_pilU_79/Vibrio_pilTpilU_79_rec.mrc,tomo_479
/grphome/grp_tomo_db1_d4/nobackup/archive/ExperimentRuns/Vibrio_pilT_pilU_80/Vibrio_pilTpilU_80_rec.mrc,tomo_480
/grphome/grp_tomo_db1_d4/nobackup/archive/ExperimentRuns/Vibrio_pilT_pilU_81/Vibrio_pilTpilU_81_rec.mrc,tomo_481
/grphome/grp_tomo_db1_d4/nobackup/archive/ExperimentRuns/Vibrio_pilT_pilU_82/Vibrio_pilTpilU_82_rec.mrc,tomo_482
/grphome/grp_tomo_db1_d4/nobackup/archive/ExperimentRuns/Vibrio_pilT_pilU_83/Vibrio_pilTpilU_83_rec.mrc,tomo_483
/grphome/grp_tomo_db1_d4/nobackup/archive/ExperimentRuns/Vibrio_pilT_pilU_84/Vibrio_pilTpilU_84_rec.mrc,tomo_484
/grphome/grp_tomo_db1_d4/nobackup/archive/ExperimentRuns/Vibrio_pilT_pilU_85/Vibrio_pilTpilU_85_rec.mrc,tomo_485
/grphome/grp_tomo_db1_d4/nobackup/archive/ExperimentRuns/Vibrio_pilT_pilU_86/Vibrio_pilTpilU_86_rec.mrc,tomo_486
/grphome/grp_tomo_db1_d4/nobackup/archive/ExperimentRuns/Vibrio_pilT_pilU_87/Vibrio_pilTpilU_87_rec.mrc,tomo_487
/grphome/grp_tomo_db1_d4/nobackup/archive/ExperimentRuns/Vibrio_pilT_pilU_88/Vibrio_pilTpilU_88_rec.mrc,tomo_488
/grphome/grp_tomo_db1_d4/nobackup/archive/ExperimentRuns/Vibrio_pilT_pilU_89/Vibrio_pilTpilU_89_rec.mrc,tomo_489
/grphome/grp_tomo_db1_d4/nobackup/archive/ExperimentRuns/Vibrio_pilT_pilU_90/Vibrio_pilTpilU_90_rec.mrc,tomo_490
/grphome/grp_tomo_db1_d4/nobackup/archive/ExperimentRuns/Vibrio_pilT_pilU_91/Vibrio_pilTpilU_91_rec.mrc,tomo_491
/grphome/grp_tomo_db1_d4/nobackup/archive/ExperimentRuns/Vibrio_pilT_pilU_92/Vibrio_pilTpilU_92_rec.mrc,tomo_492
/grphome/grp_tomo_db1_d4/nobackup/archive/ExperimentRuns/Vibrio_pilT_pilU_93/Vibrio_pilTpilU_93_rec.mrc,tomo_493
/grphome/grp_tomo_db1_d4/nobackup/archive/ExperimentRuns/Vibrio_pilT_pilU_94/Vibrio_pilTpilU_94_rec.mrc,tomo_494
/grphome/grp_tomo_db1_d4/nobackup/archive/ExperimentRuns/Vibrio_pilT_pilU_95/Vibrio_pilTpilU_95_rec.mrc,tomo_495
/grphome/grp_tomo_db1_d4/nobackup/archive/ExperimentRuns/Vibrio_pilT_pilU_96/Vibrio_pilTpilU_96_rec.mrc,tomo_496
/grphome/grp_tomo_db1_d4/nobackup/archive/ExperimentRuns/Vibrio_pilT_pilU_97/Vibrio_pilTpilU_97_rec.mrc,tomo_497
/grphome/grp_tomo_db1_d4/nobackup/archive/ExperimentRuns/Vibrio_pilT_pilU_98/Vibrio_pilTpilU_98_rec.mrc,tomo_498
/grphome/grp_tomo_db1_d4/nobackup/archive/ExperimentRuns/Vibrio_pilT_pilU_99/Vibrio_pilTpilU_99_rec.mrc,tomo_499
/grphome/grp_tomo_db1_d4/nobackup/archive/ExperimentRuns/sma2022-08-05-2/Vibrio_pilq35sfGFP_001_rec.mrc,tomo_500
/grphome/grp_tomo_db1_d4/nobackup/archive/ExperimentRuns/sma2022-08-05-4/Vibrio_pilq35sfGFP_003_rec.mrc,tomo_501
/grphome/grp_tomo_db1_d4/nobackup/archive/ExperimentRuns/sma2022-08-05-5/Vibrio_pilq35sfGFP_004_rec.mrc,tomo_502
/grphome/grp_tomo_db1_d4/nobackup/archive/ExperimentRuns/sma2022-08-05-6/Vibrio_pilq35sfGFP_005_rec.mrc,tomo_503
/grphome/grp_tomo_db1_d4/nobackup/archive/ExperimentRuns/sma2022-08-05-7/Vibrio_pilq35sfGFP_006_rec.mrc,tomo_504
/grphome/grp_tomo_db1_d4/nobackup/archive/ExperimentRuns/sma2022-08-05-8/Vibrio_pilq35sfGFP_007_rec.mrc,tomo_505
/grphome/grp_tomo_db1_d4/nobackup/archive/ExperimentRuns/sma2022-08-05-9/Vibrio_pilq35sfGFP_008_rec.mrc,tomo_506
/grphome/grp_tomo_db1_d4/nobackup/archive/ExperimentRuns/sma2022-08-05-10/Vibrio_pilq35sfGFP_009_rec.mrc,tomo_507
/grphome/grp_tomo_db1_d4/nobackup/archive/ExperimentRuns/sma2022-08-05-11/Vibrio_pilq35sfGFP_010_rec.mrc,tomo_508
/grphome/grp_tomo_db1_d4/nobackup/archive/ExperimentRuns/sma2022-08-05-12/Vibrio_pilq35sfGFP_011_rec.mrc,tomo_509
/grphome/grp_tomo_db1_d4/nobackup/archive/ExperimentRuns/sma2022-08-05-13/Vibrio_pilq35sfGFP_012_rec.mrc,tomo_510
/grphome/grp_tomo_db1_d4/nobackup/archive/ExperimentRuns/sma2022-08-05-14/Vibrio_pilq35sfGFP_013_rec.mrc,tomo_511
/grphome/grp_tomo_db1_d4/nobackup/archive/ExperimentRuns/sma2022-08-05-15/Vibrio_pilq35sfGFP_014_rec.mrc,tomo_512
/grphome/grp_tomo_db1_d4/nobackup/archive/ExperimentRuns/sma2022-08-05-16/Vibrio_pilq35sfGFP_015_rec.mrc,tomo_513
/grphome/grp_tomo_db1_d4/nobackup/archive/ExperimentRuns/sma2022-08-05-17/Vibrio_pilq35sfGFP_016_rec.mrc,tomo_514
/grphome/grp_tomo_db1_d4/nobackup/archive/ExperimentRuns/sma2022-08-05-18/Vibrio_pilq35sfGFP_017_rec.mrc,tomo_515
/grphome/grp_tomo_db1_d4/nobackup/archive/ExperimentRuns/sma2022-08-05-19/Vibrio_pilq35sfGFP_018_rec.mrc,tomo_516
/grphome/grp_tomo_db1_d4/nobackup/archive/ExperimentRuns/sma2022-08-05-20/Vibrio_pilq35sfGFP_019_rec.mrc,tomo_517
/grphome/grp_tomo_db1_d4/nobackup/archive/ExperimentRuns/sma2022-08-05-21/Vibrio_pilq35sfGFP_020_rec.mrc,tomo_518
/grphome/grp_tomo_db1_d4/nobackup/archive/ExperimentRuns/sma2022-08-05-22/Vibrio_pilq35sfGFP_021_rec.mrc,tomo_519
/grphome/grp_tomo_db1_d4/nobackup/archive/ExperimentRuns/sma2022-08-05-23/Vibrio_pilq35sfGFP_022_rec.mrc,tomo_520
/grphome/grp_tomo_db1_d4/nobackup/archive/ExperimentRuns/sma2022-08-05-24/Vibrio_pilq35sfGFP_023_rec.mrc,tomo_521
/grphome/grp_tomo_db1_d4/nobackup/archive/ExperimentRuns/sma2022-08-05-25/Vibrio_pilq35sfGFP_024_rec.mrc,tomo_522
/grphome/grp_tomo_db1_d4/nobackup/archive/ExperimentRuns/sma2022-08-05-26/Vibrio_pilq35sfGFP_025_rec.mrc,tomo_523
/grphome/grp_tomo_db1_d4/nobackup/archive/ExperimentRuns/sma2022-08-05-27/Vibrio_pilq35sfGFP_026_rec.mrc,tomo_524
/grphome/grp_tomo_db1_d4/nobackup/archive/ExperimentRuns/sma2022-08-05-28/Vibrio_pilq35sfGFP_027_rec.mrc,tomo_525
/grphome/grp_tomo_db1_d4/nobackup/archive/ExperimentRuns/sma2022-08-05-29/Vibrio_pilq35sfGFP_028_rec.mrc,tomo_526
/grphome/grp_tomo_db1_d4/nobackup/archive/ExperimentRuns/sma2022-08-05-30/Vibrio_pilq35sfGFP_029_rec.mrc,tomo_527
/grphome/grp_tomo_db1_d4/nobackup/archive/ExperimentRuns/sma2022-08-05-31/Vibrio_pilq35sfGFP_030_rec.mrc,tomo_528
/grphome/grp_tomo_db1_d4/nobackup/archive/ExperimentRuns/sma2022-08-05-33/Vibrio_pilq35sfGFP_032_rec.mrc,tomo_529
/grphome/grp_tomo_db1_d4/nobackup/archive/ExperimentRuns/sma2022-08-05-34/Vibrio_pilq35sfGFP_033_rec.mrc,tomo_530
/grphome/grp_tomo_db1_d4/nobackup/archive/ExperimentRuns/sma2022-08-05-35/Vibrio_pilq35sfGFP_034_rec.mrc,tomo_531
/grphome/grp_tomo_db1_d4/nobackup/archive/ExperimentRuns/sma2022-08-05-36/Vibrio_pilq35sfGFP_035_rec.mrc,tomo_532
/grphome/grp_tomo_db1_d4/nobackup/archive/ExperimentRuns/sma2022-08-05-37/Vibrio_pilq35sfGFP_036_rec.mrc,tomo_533
/grphome/grp_tomo_db1_d4/nobackup/archive/ExperimentRuns/sma2022-08-05-38/Vibrio_pilq35sfGFP_037_rec.mrc,tomo_534
/grphome/grp_tomo_db1_d4/nobackup/archive/ExperimentRuns/sma2022-08-05-39/Vibrio_pilq35sfGFP_038_rec.mrc,tomo_535
/grphome/grp_tomo_db1_d4/nobackup/archive/ExperimentRuns/sma2022-08-05-40/Vibrio_pilq35sfGFP_039_rec.mrc,tomo_536
/grphome/grp_tomo_db1_d4/nobackup/archive/ExperimentRuns/sma2022-08-05-41/Vibrio_pilq35sfGFP_040_rec.mrc,tomo_537
/grphome/grp_tomo_db1_d4/nobackup/archive/ExperimentRuns/sma2022-08-05-42/Vibrio_pilq35sfGFP_041_rec.mrc,tomo_538
/grphome/grp_tomo_db1_d4/nobackup/archive/ExperimentRuns/sma2022-08-05-43/Vibrio_pilq35sfGFP_042_rec.mrc,tomo_539
/grphome/grp_tomo_db1_d4/nobackup/archive/ExperimentRuns/sma2022-08-05-44/Vibrio_pilq35sfGFP_043_rec.mrc,tomo_540
/grphome/grp_tomo_db1_d4/nobackup/archive/ExperimentRuns/sma2022-08-05-45/Vibrio_pilq35sfGFP_044_rec.mrc,tomo_541
/grphome/grp_tomo_db1_d4/nobackup/archive/ExperimentRuns/sma2022-08-05-46/Vibrio_pilq35sfGFP_045_rec.mrc,tomo_542
/grphome/grp_tomo_db1_d4/nobackup/archive/ExperimentRuns/sma2022-08-05-47/Vibrio_pilq35sfGFP_046_rec.mrc,tomo_543
/grphome/grp_tomo_db1_d4/nobackup/archive/ExperimentRuns/sma2022-08-05-48/Vibrio_pilq35sfGFP_047_rec.mrc,tomo_544
/grphome/grp_tomo_db1_d4/nobackup/archive/ExperimentRuns/sma2022-08-05-49/Vibrio_pilq35sfGFP_048_rec.mrc,tomo_545
/grphome/grp_tomo_db1_d4/nobackup/archive/ExperimentRuns/sma2022-08-05-50/Vibrio_pilq35sfGFP_049_rec.mrc,tomo_546
/grphome/grp_tomo_db1_d4/nobackup/archive/ExperimentRuns/sma2022-08-05-51/Vibrio_pilq35sfGFP_050_rec.mrc,tomo_547
/grphome/grp_tomo_db1_d4/nobackup/archive/ExperimentRuns/sma2022-08-05-52/Vibrio_pilq35sfGFP_051_rec.mrc,tomo_548
/grphome/grp_tomo_db1_d4/nobackup/archive/ExperimentRuns/sma2022-08-05-53/Vibrio_pilq35sfGFP_052_rec.mrc,tomo_549
/grphome/grp_tomo_db1_d4/nobackup/archive/ExperimentRuns/sma2022-08-05-54/Vibrio_pilq35sfGFP_053_rec.mrc,tomo_550
/grphome/grp_tomo_db1_d4/nobackup/archive/ExperimentRuns/sma2022-08-05-55/Vibrio_pilq35sfGFP_054_rec.mrc,tomo_551
/grphome/grp_tomo_db1_d4/nobackup/archive/ExperimentRuns/sma2022-08-05-56/Vibrio_pilq35sfGFP_055_rec.mrc,tomo_552
/grphome/grp_tomo_db1_d4/nobackup/archive/ExperimentRuns/sma2022-08-05-57/Vibrio_pilq35sfGFP_056_rec.mrc,tomo_553
/grphome/grp_tomo_db1_d4/nobackup/archive/ExperimentRuns/sma2022-08-05-58/Vibrio_pilq35sfGFP_057_rec.mrc,tomo_554
/grphome/grp_tomo_db1_d4/nobackup/archive/ExperimentRuns/sma2022-08-05-59/Vibrio_pilq35sfGFP_058_rec.mrc,tomo_555
/grphome/grp_tomo_db1_d4/nobackup/archive/ExperimentRuns/sma2022-08-05-60/Vibrio_pilq35sfGFP_059_rec.mrc,tomo_556
/grphome/grp_tomo_db1_d4/nobackup/archive/ExperimentRuns/sma2022-08-05-61/Vibrio_pilq35sfGFP_060_rec.mrc,tomo_557
/grphome/grp_tomo_db1_d4/nobackup/archive/ExperimentRuns/sma2022-08-05-62/Vibrio_pilq35sfGFP_061_rec.mrc,tomo_558
/grphome/grp_tomo_db1_d4/nobackup/archive/ExperimentRuns/sma2022-08-05-63/Vibrio_pilq35sfGFP_062_rec.mrc,tomo_559
/grphome/grp_tomo_db1_d4/nobackup/archive/ExperimentRuns/sma2022-08-05-64/Vibrio_pilq35sfGFP_063_rec.mrc,tomo_560
/grphome/grp_tomo_db1_d4/nobackup/archive/ExperimentRuns/sma2022-08-05-65/Vibrio_pilq35sfGFP_064_rec.mrc,tomo_561
/grphome/grp_tomo_db1_d4/nobackup/archive/ExperimentRuns/sma2022-08-05-66/Vibrio_pilq35sfGFP_065_rec.mrc,tomo_562
/grphome/grp_tomo_db1_d4/nobackup/archive/ExperimentRuns/sma2022-08-05-67/Vibrio_pilq35sfGFP_066_rec.mrc,tomo_563
/grphome/grp_tomo_db1_d4/nobackup/archive/ExperimentRuns/sma2022-08-05-68/Vibrio_pilq35sfGFP_067_rec.mrc,tomo_564
/grphome/grp_tomo_db1_d4/nobackup/archive/ExperimentRuns/sma2022-08-05-70/Vibrio_pilq35sfGFP_069_rec.mrc,tomo_565
/grphome/grp_tomo_db1_d4/nobackup/archive/ExperimentRuns/sma2022-08-05-71/Vibrio_pilq35sfGFP_070_rec.mrc,tomo_566
/grphome/grp_tomo_db1_d4/nobackup/archive/ExperimentRuns/sma2022-08-05-72/Vibrio_pilq35sfGFP_071_rec.mrc,tomo_567
/grphome/grp_tomo_db1_d4/nobackup/archive/ExperimentRuns/sma2022-08-05-73/Vibrio_pilq35sfGFP_072_rec.mrc,tomo_568
/grphome/grp_tomo_db1_d4/nobackup/archive/ExperimentRuns/sma2022-08-05-74/Vibrio_pilq35sfGFP_073_rec.mrc,tomo_569
/grphome/grp_tomo_db1_d4/nobackup/archive/ExperimentRuns/sma2022-08-05-75/Vibrio_pilq35sfGFP_074_rec.mrc,tomo_570
/grphome/grp_tomo_db1_d4/nobackup/archive/ExperimentRuns/sma2022-08-05-76/Vibrio_pilq35sfGFP_075_rec.mrc,tomo_571
/grphome/grp_tomo_db1_d4/nobackup/archive/ExperimentRuns/sma2022-08-05-77/Vibrio_pilq35sfGFP_076_rec.mrc,tomo_572
/grphome/grp_tomo_db1_d4/nobackup/archive/ExperimentRuns/sma2022-08-05-78/Vibrio_pilq35sfGFP_077_rec.mrc,tomo_573
/grphome/grp_tomo_db1_d4/nobackup/archive/ExperimentRuns/sma2022-08-05-79/Vibrio_pilq35sfGFP_078_rec.mrc,tomo_574
/grphome/grp_tomo_db1_d4/nobackup/archive/ExperimentRuns/sma2022-08-05-80/Vibrio_pilq35sfGFP_079_rec.mrc,tomo_575
/grphome/grp_tomo_db1_d4/nobackup/archive/ExperimentRuns/sma2022-08-05-81/Vibrio_pilq35sfGFP_080_rec.mrc,tomo_576
/grphome/grp_tomo_db1_d4/nobackup/archive/ExperimentRuns/sma2022-08-05-82/Vibrio_pilq35sfGFP_081_rec.mrc,tomo_577
/grphome/grp_tomo_db1_d4/nobackup/archive/ExperimentRuns/sma2022-08-05-83/Vibrio_pilq35sfGFP_082_rec.mrc,tomo_578
/grphome/grp_tomo_db1_d4/nobackup/archive/ExperimentRuns/sma2022-08-05-84/Vibrio_pilq35sfGFP_083_rec.mrc,tomo_579
/grphome/grp_tomo_db1_d4/nobackup/archive/ExperimentRuns/sma2022-08-05-85/Vibrio_pilq35sfGFP_084_rec.mrc,tomo_580
/grphome/grp_tomo_db1_d4/nobackup/archive/ExperimentRuns/sma2022-08-05-86/Vibrio_pilq35sfGFP_085_rec.mrc,tomo_581
/grphome/grp_tomo_db1_d4/nobackup/archive/ExperimentRuns/sma2022-08-05-87/Vibrio_pilq35sfGFP_086_rec.mrc,tomo_582
/grphome/grp_tomo_db1_d4/nobackup/archive/ExperimentRuns/sma2022-08-05-88/Vibrio_pilq35sfGFP_087_rec.mrc,tomo_583
/grphome/grp_tomo_db1_d4/nobackup/archive/ExperimentRuns/sma2022-08-05-89/Vibrio_pilq35sfGFP_088_rec.mrc,tomo_584
/grphome/grp_tomo_db1_d4/nobackup/archive/ExperimentRuns/sma2022-08-05-90/Vibrio_pilq35sfGFP_089_rec.mrc,tomo_585
/grphome/grp_tomo_db1_d4/nobackup/archive/ExperimentRuns/sma2022-08-05-91/Vibrio_pilq35sfGFP_090_rec.mrc,tomo_586
/grphome/grp_tomo_db1_d4/nobackup/archive/ExperimentRuns/sma2022-08-05-92/Vibrio_pilq35sfGFP_091_rec.mrc,tomo_587
/grphome/grp_tomo_db1_d4/nobackup/archive/ExperimentRuns/sma2022-08-05-93/Vibrio_pilq35sfGFP_092_rec.mrc,tomo_588
/grphome/grp_tomo_db1_d4/nobackup/archive/ExperimentRuns/sma2022-08-05-94/Vibrio_pilq35sfGFP_093_rec.mrc,tomo_589
/grphome/grp_tomo_db1_d4/nobackup/archive/ExperimentRuns/sma2022-08-05-95/Vibrio_pilq35sfGFP_094_rec.mrc,tomo_590
/grphome/grp_tomo_db1_d4/nobackup/archive/ExperimentRuns/sma2022-08-05-96/Vibrio_pilq35sfGFP_095_rec.mrc,tomo_591
/grphome/grp_tomo_db1_d4/nobackup/archive/ExperimentRuns/sma2022-08-05-97/Vibrio_pilq35sfGFP_096_rec.mrc,tomo_592
/grphome/grp_tomo_db1_d4/nobackup/archive/ExperimentRuns/sma2022-08-05-98/Vibrio_pilq35sfGFP_097_rec.mrc,tomo_593
/grphome/grp_tomo_db1_d4/nobackup/archive/ExperimentRuns/sma2022-08-05-99/Vibrio_pilq35sfGFP_098_rec.mrc,tomo_594
/grphome/grp_tomo_db1_d4/nobackup/archive/ExperimentRuns/sma2022-08-05-100/Vibrio_pilq35sfGFP_099_rec.mrc,tomo_595
/grphome/grp_tomo_db1_d4/nobackup/archive/ExperimentRuns/sma2022-08-05-101/Vibrio_pilq35sfGFP_100_rec.mrc,tomo_596
/grphome/grp_tomo_db1_d4/nobackup/archive/ExperimentRuns/sma2022-08-05-102/Vibrio_pilq35sfGFP_101_rec.mrc,tomo_597
/grphome/grp_tomo_db1_d4/nobackup/archive/ExperimentRuns/sma2022-08-05-103/Vibrio_pilq35sfGFP_102_rec.mrc,tomo_598
/grphome/grp_tomo_db1_d4/nobackup/archive/ExperimentRuns/sma2022-08-05-104/Vibrio_pilq35sfGFP_103_rec.mrc,tomo_599
/grphome/grp_tomo_db1_d4/nobackup/archive/ExperimentRuns/sma2022-08-05-105/Vibrio_pilq35sfGFP_104_rec.mrc,tomo_600
/grphome/grp_tomo_db1_d4/nobackup/archive/ExperimentRuns/sma2022-08-05-106/Vibrio_pilq35sfGFP_105_rec.mrc,tomo_601
/grphome/grp_tomo_db1_d4/nobackup/archive/ExperimentRuns/sma2022-08-05-107/Vibrio_pilq35sfGFP_106_rec.mrc,tomo_602
/grphome/grp_tomo_db1_d4/nobackup/archive/ExperimentRuns/sma2022-08-05-108/Vibrio_pilq35sfGFP_107_rec.mrc,tomo_603
/grphome/grp_tomo_db1_d4/nobackup/archive/ExperimentRuns/sma2022-08-05-109/Vibrio_pilq35sfGFP_108_rec.mrc,tomo_604
/grphome/grp_tomo_db1_d4/nobackup/archive/ExperimentRuns/sma2022-08-05-110/Vibrio_pilq35sfGFP_109_rec.mrc,tomo_605
/grphome/grp_tomo_db1_d4/nobackup/archive/ExperimentRuns/sma2022-08-05-111/Vibrio_pilq35sfGFP_110_rec.mrc,tomo_606
/grphome/grp_tomo_db1_d4/nobackup/archive/ExperimentRuns/sma2022-08-05-112/Vibrio_pilq35sfGFP_111_rec.mrc,tomo_607
/grphome/grp_tomo_db1_d4/nobackup/archive/ExperimentRuns/sma2022-08-05-113/Vibrio_pilq35sfGFP_112_rec.mrc,tomo_608
/grphome/grp_tomo_db1_d4/nobackup/archive/ExperimentRuns/sma2022-08-05-114/Vibrio_pilq35sfGFP_113_rec.mrc,tomo_609
/grphome/grp_tomo_db1_d4/nobackup/archive/ExperimentRuns/sma2022-08-05-115/Vibrio_pilq35sfGFP_114_rec.mrc,tomo_610
/grphome/grp_tomo_db1_d4/nobackup/archive/ExperimentRuns/sma2022-08-05-116/Vibrio_pilq35sfGFP_115_rec.mrc,tomo_611
/grphome/grp_tomo_db1_d4/nobackup/archive/ExperimentRuns/sma2022-08-05-117/Vibrio_pilq35sfGFP_116_rec.mrc,tomo_612
/grphome/grp_tomo_db1_d4/nobackup/archive/ExperimentRuns/sma2022-08-05-118/Vibrio_pilq35sfGFP_117_rec.mrc,tomo_613
/grphome/grp_tomo_db1_d4/nobackup/archive/ExperimentRuns/sma2022-08-05-119/Vibrio_pilq35sfGFP_118_rec.mrc,tomo_614
/grphome/grp_tomo_db1_d4/nobackup/archive/ExperimentRuns/sma2022-08-05-120/Vibrio_pilq35sfGFP_119_rec.mrc,tomo_615
/grphome/grp_tomo_db1_d4/nobackup/archive/ExperimentRuns/sma2022-08-05-121/Vibrio_pilq35sfGFP_120_rec.mrc,tomo_616
/grphome/grp_tomo_db1_d4/nobackup/archive/ExperimentRuns/sma2022-08-05-122/Vibrio_pilq35sfGFP_121_rec.mrc,tomo_617
/grphome/grp_tomo_db1_d4/nobackup/archive/ExperimentRuns/sma2022-08-05-123/Vibrio_pilq35sfGFP_122_rec.mrc,tomo_618
/grphome/grp_tomo_db1_d4/nobackup/archive/ExperimentRuns/sma2022-08-05-124/Vibrio_pilq35sfGFP_123_rec.mrc,tomo_619
/grphome/grp_tomo_db1_d4/nobackup/archive/ExperimentRuns/sma2022-08-05-125/Vibrio_pilq35sfGFP_124_rec.mrc,tomo_620
/grphome/grp_tomo_db1_d4/nobackup/archive/ExperimentRuns/sma2022-08-05-126/Vibrio_pilq35sfGFP_125_rec.mrc,tomo_621
/grphome/grp_tomo_db1_d4/nobackup/archive/ExperimentRuns/sma2022-08-05-127/Vibrio_pilq35sfGFP_126_rec.mrc,tomo_622
/grphome/grp_tomo_db1_d4/nobackup/archive/ExperimentRuns/sma2022-08-05-128/Vibrio_pilq35sfGFP_127_rec.mrc,tomo_623
/grphome/grp_tomo_db1_d4/nobackup/archive/ExperimentRuns/sma2022-08-05-129/Vibrio_pilq35sfGFP_128_rec.mrc,tomo_624
/grphome/grp_tomo_db1_d4/nobackup/archive/ExperimentRuns/sma2022-08-05-130/Vibrio_pilq35sfGFP_129_rec.mrc,tomo_625
/grphome/grp_tomo_db1_d4/nobackup/archive/ExperimentRuns/sma2022-08-05-132/Vibrio_pilq35sfGFP_131_rec.mrc,tomo_626
/grphome/grp_tomo_db1_d4/nobackup/archive/ExperimentRuns/sma2022-08-05-133/Vibrio_pilq35sfGFP_132_rec.mrc,tomo_627
/grphome/grp_tomo_db1_d4/nobackup/archive/ExperimentRuns/sma2022-08-05-134/Vibrio_pilq35sfGFP_133_rec.mrc,tomo_628
/grphome/grp_tomo_db1_d4/nobackup/archive/ExperimentRuns/sma2022-08-05-135/Vibrio_pilq35sfGFP_134_rec.mrc,tomo_629
/grphome/grp_tomo_db1_d4/nobackup/archive/ExperimentRuns/sma2022-08-05-136/Vibrio_pilq35sfGFP_135_rec.mrc,tomo_630
/grphome/grp_tomo_db1_d4/nobackup/archive/ExperimentRuns/sma2022-08-05-137/Vibrio_pilq35sfGFP_136_rec.mrc,tomo_631
/grphome/grp_tomo_db1_d4/nobackup/archive/ExperimentRuns/sma2022-08-05-138/Vibrio_pilq35sfGFP_137_rec.mrc,tomo_632
/grphome/grp_tomo_db1_d4/nobackup/archive/ExperimentRuns/sma2022-08-05-139/Vibrio_pilq35sfGFP_138_rec.mrc,tomo_633
/grphome/grp_tomo_db1_d4/nobackup/archive/ExperimentRuns/sma2022-08-05-140/Vibrio_pilq35sfGFP_139_rec.mrc,tomo_634
/grphome/grp_tomo_db1_d4/nobackup/archive/ExperimentRuns/sma2022-08-05-141/Vibrio_pilq35sfGFP_140_rec.mrc,tomo_635
/grphome/grp_tomo_db1_d4/nobackup/archive/ExperimentRuns/sma2022-08-05-142/Vibrio_pilq35sfGFP_141_rec.mrc,tomo_636
/grphome/grp_tomo_db1_d4/nobackup/archive/ExperimentRuns/sma2022-08-05-145/Vibrio_pilq35sfGFP_142_rec.mrc,tomo_637
/grphome/grp_tomo_db1_d4/nobackup/archive/ExperimentRuns/sma2022-08-05-143/Vibrio_pilq35sfGFP_143_rec.mrc,tomo_638
/grphome/grp_tomo_db1_d4/nobackup/archive/ExperimentRuns/sma2022-08-05-144/Vibrio_pilq35sfGFP_144_rec.mrc,tomo_639
/grphome/grp_tomo_db1_d4/nobackup/archive/ExperimentRuns/sma2022-08-05-146/Vibrio_pilq35sfGFP_145_rec.mrc,tomo_640
/grphome/grp_tomo_db1_d4/nobackup/archive/ExperimentRuns/sma2022-08-05-147/Vibrio_pilq35sfGFP_146_rec.mrc,tomo_641
/grphome/grp_tomo_db1_d4/nobackup/archive/ExperimentRuns/sma2022-08-05-148/Vibrio_pilq35sfGFP_147_rec.mrc,tomo_642
/grphome/grp_tomo_db1_d4/nobackup/archive/ExperimentRuns/sma2022-08-05-149/Vibrio_pilq35sfGFP_148_rec.mrc,tomo_643
/grphome/grp_tomo_db1_d4/nobackup/archive/ExperimentRuns/sma2022-08-05-150/Vibrio_pilq35sfGFP_149_rec.mrc,tomo_644
/grphome/grp_tomo_db1_d4/nobackup/archive/ExperimentRuns/sma2022-08-05-151/Vibrio_pilq35sfGFP_150_rec.mrc,tomo_645
/grphome/grp_tomo_db1_d4/nobackup/archive/ExperimentRuns/sma2022-08-05-152/Vibrio_pilq35sfGFP_151_rec.mrc,tomo_646
/grphome/grp_tomo_db1_d4/nobackup/archive/ExperimentRuns/sma2022-08-05-153/Vibrio_pilq35sfGFP_152_rec.mrc,tomo_647
/grphome/grp_tomo_db1_d4/nobackup/archive/ExperimentRuns/sma2022-08-05-154/Vibrio_pilq35sfGFP_153_rec.mrc,tomo_648
/grphome/grp_tomo_db1_d4/nobackup/archive/ExperimentRuns/sma2022-08-05-155/Vibrio_pilq35sfGFP_154_rec.mrc,tomo_649
/grphome/grp_tomo_db1_d4/nobackup/archive/ExperimentRuns/sma2022-08-05-156/Vibrio_pilq35sfGFP_155_rec.mrc,tomo_650
/grphome/grp_tomo_db1_d4/nobackup/archive/ExperimentRuns/sma2022-08-05-157/Vibrio_pilq35sfGFP_156_rec.mrc,tomo_651
/grphome/grp_tomo_db1_d4/nobackup/archive/ExperimentRuns/sma2022-03-21-3/sm3_21VibrioWT_003_rec.mrc,tomo_652
/grphome/grp_tomo_db1_d4/nobackup/archive/ExperimentRuns/sma2022-03-21-4/sm3_21VibrioWT_004_rec.mrc,tomo_653
/grphome/grp_tomo_db1_d4/nobackup/archive/ExperimentRuns/sma2022-03-21-5/sm3_21VibrioWT_005_rec.mrc,tomo_654
/grphome/grp_tomo_db1_d4/nobackup/archive/ExperimentRuns/sma2022-03-21-6/sm3_21VibrioWT_006_rec.mrc,tomo_655
/grphome/grp_tomo_db1_d4/nobackup/archive/ExperimentRuns/sma2022-03-21-8/sm3_21VibrioWT_007_rec.mrc,tomo_656
/grphome/grp_tomo_db1_d4/nobackup/archive/ExperimentRuns/sma2022-03-21-9/sm3_21VibrioWT_008_rec.mrc,tomo_657
/grphome/grp_tomo_db1_d4/nobackup/archive/ExperimentRuns/sma2022-03-21-10/sm3_21VibrioWT_009_rec.mrc,tomo_658
/grphome/grp_tomo_db1_d4/nobackup/archive/ExperimentRuns/sma2022-03-21-11/sm3_21VibrioWT_010_rec.mrc,tomo_659
/grphome/grp_tomo_db1_d4/nobackup/archive/ExperimentRuns/sma2022-03-21-12/sm3_21VibrioWT_011_rec.mrc,tomo_660
/grphome/grp_tomo_db1_d4/nobackup/archive/ExperimentRuns/sma2022-03-21-13/sm3_21VibrioWT_012_rec.mrc,tomo_661
/grphome/grp_tomo_db1_d4/nobackup/archive/ExperimentRuns/sma2022-03-21-14/sm3_21VibrioWT_013_rec.mrc,tomo_662
/grphome/grp_tomo_db1_d4/nobackup/archive/ExperimentRuns/sma2022-03-21-15/sm3_21VibrioWT_014_rec.mrc,tomo_663
/grphome/grp_tomo_db1_d4/nobackup/archive/ExperimentRuns/sma2022-03-21-16/sm3_21VibrioWT_015_rec.mrc,tomo_664
/grphome/grp_tomo_db1_d4/nobackup/archive/ExperimentRuns/sma2022-03-21-17/sm3_21VibrioWT_016_rec.mrc,tomo_665
/grphome/grp_tomo_db1_d4/nobackup/archive/ExperimentRuns/sma2022-03-21-18/sm3_21VibrioWT_017_rec.mrc,tomo_666
/grphome/grp_tomo_db1_d4/nobackup/archive/ExperimentRuns/sma2022-03-21-19/sm3_21VibrioWT_018_rec.mrc,tomo_667
/grphome/grp_tomo_db1_d4/nobackup/archive/ExperimentRuns/sma2022-03-21-20/sm3_21VibrioWT_019_rec.mrc,tomo_668
/grphome/grp_tomo_db1_d4/nobackup/archive/ExperimentRuns/sma2022-03-21-21/sm3_21VibrioWT_020_rec.mrc,tomo_669
/grphome/grp_tomo_db1_d4/nobackup/archive/ExperimentRuns/sma2022-03-21-22/sm3_21VibrioWT_021_rec.mrc,tomo_670
/grphome/grp_tomo_db1_d4/nobackup/archive/ExperimentRuns/sma2022-03-21-23/sm3_21VibrioWT_022_rec.mrc,tomo_671
/grphome/grp_tomo_db1_d4/nobackup/archive/ExperimentRuns/sma2022-03-21-24/sm3_21VibrioWT_023_rec.mrc,tomo_672
/grphome/grp_tomo_db1_d4/nobackup/archive/ExperimentRuns/sma2022-03-21-25/sm3_21VibrioWT_024_rec.mrc,tomo_673
/grphome/grp_tomo_db1_d4/nobackup/archive/ExperimentRuns/sma2022-03-21-26/sm3_21VibrioWT_025_rec.mrc,tomo_674
/grphome/grp_tomo_db1_d4/nobackup/archive/ExperimentRuns/sma2022-03-21-27/sm3_21VibrioWT_026_rec.mrc,tomo_675
/grphome/grp_tomo_db1_d4/nobackup/archive/ExperimentRuns/sma2022-03-21-28/sm3_21VibrioWT_027_rec.mrc,tomo_676
/grphome/grp_tomo_db1_d4/nobackup/archive/ExperimentRuns/sma2022-03-21-29/sm3_21VibrioWT_028_rec.mrc,tomo_677
/grphome/grp_tomo_db1_d4/nobackup/archive/ExperimentRuns/sma2022-03-21-30/sm3_21VibrioWT_029_rec.mrc,tomo_678
/grphome/grp_tomo_db1_d4/nobackup/archive/ExperimentRuns/sma2022-03-21-31/sm3_21VibrioWT_030_rec.mrc,tomo_679
/grphome/grp_tomo_db1_d4/nobackup/archive/ExperimentRuns/sma2022-03-21-32/sm3_21VibrioWT_031_rec.mrc,tomo_680
/grphome/grp_tomo_db1_d4/nobackup/archive/ExperimentRuns/sma2022-03-21-33/sm3_21VibrioWT_032_rec.mrc,tomo_681
/grphome/grp_tomo_db1_d4/nobackup/archive/ExperimentRuns/sma2022-03-21-34/sm3_21VibrioWT_033_rec.mrc,tomo_682
/grphome/grp_tomo_db1_d4/nobackup/archive/ExperimentRuns/sma2022-03-21-35/sm3_21VibrioWT_034_rec.mrc,tomo_683
/grphome/grp_tomo_db1_d4/nobackup/archive/ExperimentRuns/sma2022-03-21-36/sm3_21VibrioWT_035_rec.mrc,tomo_684
/grphome/grp_tomo_db1_d4/nobackup/archive/ExperimentRuns/sma2022-03-21-38/sm3_21VibrioWT_037_rec.mrc,tomo_685
/grphome/grp_tomo_db1_d4/nobackup/archive/ExperimentRuns/sma2022-03-21-39/sm3_21VibrioWT_038_rec.mrc,tomo_686
/grphome/grp_tomo_db1_d4/nobackup/archive/ExperimentRuns/sma2022-03-21-40/sm3_21VibrioWT_039_rec.mrc,tomo_687
/grphome/grp_tomo_db1_d4/nobackup/archive/ExperimentRuns/sma2022-03-21-41/sm3_21VibrioWT_040_rec.mrc,tomo_688
/grphome/grp_tomo_db1_d4/nobackup/archive/ExperimentRuns/sma2022-03-21-42/sm3_21VibrioWT_041_rec.mrc,tomo_689
/grphome/grp_tomo_db1_d4/nobackup/archive/ExperimentRuns/sma2022-03-21-43/sm3_21VibrioWT_042_rec.mrc,tomo_690
/grphome/grp_tomo_db1_d4/nobackup/archive/ExperimentRuns/sma2022-03-21-44/sm3_21VibrioWT_043_rec.mrc,tomo_691
/grphome/grp_tomo_db1_d4/nobackup/archive/ExperimentRuns/sma2022-03-21-45/sm3_21VibrioWT_044_rec.mrc,tomo_692
/grphome/grp_tomo_db1_d4/nobackup/archive/ExperimentRuns/sma2022-03-21-46/sm3_21VibrioWT_045_rec.mrc,tomo_693
/grphome/grp_tomo_db1_d4/nobackup/archive/ExperimentRuns/sma2022-03-21-47/sm3_21VibrioWT_046_rec.mrc,tomo_694
/grphome/grp_tomo_db1_d4/nobackup/archive/ExperimentRuns/sma2022-03-21-48/sm3_21VibrioWT_047_rec.mrc,tomo_695
/grphome/grp_tomo_db1_d4/nobackup/archive/ExperimentRuns/sma2022-03-21-50/sm3_21VibrioWT_049_rec.mrc,tomo_696
/grphome/grp_tomo_db1_d4/nobackup/archive/ExperimentRuns/sma2022-03-21-51/sm3_21VibrioWT_050_rec.mrc,tomo_697
/grphome/grp_tomo_db1_d4/nobackup/archive/ExperimentRuns/sma2022-03-21-52/sm3_21VibrioWT_051_rec.mrc,tomo_698
/grphome/grp_tomo_db1_d4/nobackup/archive/ExperimentRuns/sma2022-03-21-53/sm3_21VibrioWT_052_rec.mrc,tomo_699
/grphome/grp_tomo_db1_d4/nobackup/archive/ExperimentRuns/sma2022-03-21-54/sm3_21VibrioWT_053_rec.mrc,tomo_700
/grphome/grp_tomo_db1_d4/nobackup/archive/ExperimentRuns/sma2022-03-21-55/sm3_21VibrioWT_054_rec.mrc,tomo_701
/grphome/grp_tomo_db1_d4/nobackup/archive/ExperimentRuns/sma2022-03-21-56/sm3_21VibrioWT_055_rec.mrc,tomo_702
/grphome/grp_tomo_db1_d4/nobackup/archive/ExperimentRuns/sma2022-03-21-57/sm3_21VibrioWT_056_rec.mrc,tomo_703
/grphome/grp_tomo_db1_d4/nobackup/archive/ExperimentRuns/sma2022-03-21-58/sm3_21VibrioWT_057_rec.mrc,tomo_704
/grphome/grp_tomo_db1_d4/nobackup/archive/ExperimentRuns/sma2022-03-21-59/sm3_21VibrioWT_058_rec.mrc,tomo_705
/grphome/grp_tomo_db1_d4/nobackup/archive/ExperimentRuns/sma2022-03-21-60/sm3_21VibrioWT_059_rec.mrc,tomo_706
/grphome/grp_tomo_db1_d4/nobackup/archive/ExperimentRuns/sma2022-03-21-61/sm3_21VibrioWT_060_rec.mrc,tomo_707
/grphome/grp_tomo_db1_d4/nobackup/archive/ExperimentRuns/sma2022-03-21-62/sm3_21VibrioWT_061_rec.mrc,tomo_708
/grphome/grp_tomo_db1_d4/nobackup/archive/ExperimentRuns/sma2022-03-21-63/sm3_21VibrioWT_062_rec.mrc,tomo_709
/grphome/grp_tomo_db1_d4/nobackup/archive/ExperimentRuns/sma2022-03-21-64/sm3_21VibrioWT_063_rec.mrc,tomo_710
/grphome/grp_tomo_db1_d4/nobackup/archive/ExperimentRuns/sma2022-03-21-65/sm3_21VibrioWT_064_rec.mrc,tomo_711
/grphome/grp_tomo_db1_d4/nobackup/archive/ExperimentRuns/sma2022-03-21-66/sm3_21VibrioWT_065_rec.mrc,tomo_712
/grphome/grp_tomo_db1_d4/nobackup/archive/ExperimentRuns/sma2022-03-21-67/sm3_21VibrioWT_066_rec.mrc,tomo_713
/grphome/grp_tomo_db1_d4/nobackup/archive/ExperimentRuns/sma2022-03-21-68/sm3_21VibrioWT_067_rec.mrc,tomo_714
/grphome/grp_tomo_db1_d4/nobackup/archive/ExperimentRuns/sma2022-03-21-69/sm3_21VibrioWT_068_rec.mrc,tomo_715
/grphome/grp_tomo_db1_d4/nobackup/archive/ExperimentRuns/sma2022-03-21-70/sm3_21VibrioWT_069_rec.mrc,tomo_716
/grphome/grp_tomo_db1_d4/nobackup/archive/ExperimentRuns/sma2022-03-21-71/sm3_21VibrioWT_070_rec.mrc,tomo_717
/grphome/grp_tomo_db1_d4/nobackup/archive/ExperimentRuns/sma2022-03-21-72/sm3_21VibrioWT_071_rec.mrc,tomo_718
/grphome/grp_tomo_db1_d4/nobackup/archive/ExperimentRuns/sma2022-03-21-73/sm3_21VibrioWT_072_rec.mrc,tomo_719
/grphome/grp_tomo_db1_d4/nobackup/archive/ExperimentRuns/sma2022-03-21-75/sm3_21VibrioWT_074_rec.mrc,tomo_720
/grphome/grp_tomo_db1_d4/nobackup/archive/ExperimentRuns/sma2022-03-21-76/sm3_21VibrioWT_075_rec.mrc,tomo_721
/grphome/grp_tomo_db1_d4/nobackup/archive/ExperimentRuns/sma2022-03-21-77/sm3_21VibrioWT_076_rec.mrc,tomo_722
/grphome/grp_tomo_db1_d4/nobackup/archive/ExperimentRuns/sma2022-03-21-78/sm3_21VibrioWT_077_rec.mrc,tomo_723
/grphome/grp_tomo_db1_d4/nobackup/archive/ExperimentRuns/sma2022-03-21-79/sm3_21VibrioWT_078_rec.mrc,tomo_724
/grphome/grp_tomo_db1_d4/nobackup/archive/ExperimentRuns/sma2022-03-21-80/sm3_21VibrioWT_079_rec.mrc,tomo_725
/grphome/grp_tomo_db1_d4/nobackup/archive/ExperimentRuns/sma2022-03-21-81/sm3_21VibrioWT_080_rec.mrc,tomo_726
/grphome/grp_tomo_db1_d4/nobackup/archive/ExperimentRuns/sma2022-03-21-82/sm3_21VibrioWT_081_rec.mrc,tomo_727
/grphome/grp_tomo_db1_d4/nobackup/archive/ExperimentRuns/sma2022-03-21-83/sm3_21VibrioWT_082_rec.mrc,tomo_728
/grphome/grp_tomo_db1_d4/nobackup/archive/ExperimentRuns/sma2022-03-21-84/sm3_21VibrioWT_083_rec.mrc,tomo_729
/grphome/grp_tomo_db1_d4/nobackup/archive/ExperimentRuns/sma2022-03-21-85/sm3_21VibrioWT_084_rec.mrc,tomo_730
/grphome/grp_tomo_db1_d4/nobackup/archive/ExperimentRuns/sma2022-03-21-86/sm3_21VibrioWT_085_rec.mrc,tomo_731
/grphome/grp_tomo_db1_d4/nobackup/archive/ExperimentRuns/sma2022-03-21-87/sm3_21VibrioWT_086_rec.mrc,tomo_732
/grphome/grp_tomo_db1_d4/nobackup/archive/ExperimentRuns/sma2022-03-21-88/sm3_21VibrioWT_087_rec.mrc,tomo_733
/grphome/grp_tomo_db1_d4/nobackup/archive/ExperimentRuns/sma2022-03-21-89/sm3_21VibrioWT_088_rec.mrc,tomo_734
/grphome/grp_tomo_db1_d4/nobackup/archive/ExperimentRuns/sma2022-03-21-90/sm3_21VibrioWT_089_rec.mrc,tomo_735
/grphome/grp_tomo_db1_d4/nobackup/archive/ExperimentRuns/sma2022-03-21-91/sm3_21VibrioWT_090_rec.mrc,tomo_736
/grphome/grp_tomo_db1_d4/nobackup/archive/ExperimentRuns/sma2022-03-21-92/sm3_21VibrioWT_091_rec.mrc,tomo_737
/grphome/grp_tomo_db1_d4/nobackup/archive/ExperimentRuns/sma2022-03-21-93/sm3_21VibrioWT_092_rec.mrc,tomo_738
/grphome/grp_tomo_db1_d4/nobackup/archive/ExperimentRuns/sma2022-03-21-95/sm3_21VibrioWT_094_rec.mrc,tomo_739
/grphome/grp_tomo_db1_d4/nobackup/archive/ExperimentRuns/sma2022-03-21-96/sm3_21VibrioWT_095_rec.mrc,tomo_740
/grphome/grp_tomo_db1_d4/nobackup/archive/ExperimentRuns/sma2022-03-21-97/sm3_21VibrioWT_096_rec.mrc,tomo_741
/grphome/grp_tomo_db1_d4/nobackup/archive/ExperimentRuns/sma2022-03-21-98/sm3_21VibrioWT_097_rec.mrc,tomo_742
/grphome/grp_tomo_db1_d4/nobackup/archive/ExperimentRuns/sma2022-03-21-99/sm3_21VibrioWT_098_rec.mrc,tomo_743
/grphome/grp_tomo_db1_d4/nobackup/archive/ExperimentRuns/sma2022-03-21-100/sm3_21VibrioWT_099_rec.mrc,tomo_744
/grphome/grp_tomo_db1_d4/nobackup/archive/ExperimentRuns/sma2022-03-21-101/sm3_21VibrioWT_100_rec.mrc,tomo_745
/grphome/grp_tomo_db1_d4/nobackup/archive/ExperimentRuns/sma2022-03-21-102/sm3_21VibrioWT_101_rec.mrc,tomo_746
/grphome/grp_tomo_db1_d4/nobackup/archive/ExperimentRuns/sma2022-03-21-103/sm3_21VibrioWT_102_rec.mrc,tomo_747
/grphome/grp_tomo_db1_d4/nobackup/archive/ExperimentRuns/sma2022-03-21-104/sm3_21VibrioWT_103_rec.mrc,tomo_748
/grphome/grp_tomo_db1_d4/nobackup/archive/ExperimentRuns/sma2022-03-21-105/sm3_21VibrioWT_104_rec.mrc,tomo_749
/grphome/grp_tomo_db1_d4/nobackup/archive/ExperimentRuns/sma2022-03-21-106/sm3_21VibrioWT_105_rec.mrc,tomo_750
/grphome/grp_tomo_db1_d4/nobackup/archive/ExperimentRuns/sma2022-03-21-107/sm3_21VibrioWT_106_rec.mrc,tomo_751
/grphome/grp_tomo_db1_d4/nobackup/archive/ExperimentRuns/sma2022-03-21-108/sm3_21VibrioWT_107_rec.mrc,tomo_752
/grphome/grp_tomo_db1_d4/nobackup/archive/ExperimentRuns/sma2022-03-21-109/sm3_21VibrioWT_108_rec.mrc,tomo_753
/grphome/grp_tomo_db1_d4/nobackup/archive/ExperimentRuns/sma2022-03-21-110/sm3_21VibrioWT_109_rec.mrc,tomo_754
/grphome/grp_tomo_db1_d4/nobackup/archive/ExperimentRuns/sma2022-03-21-111/sm3_21VibrioWT_110_rec.mrc,tomo_755
/grphome/grp_tomo_db1_d4/nobackup/archive/ExperimentRuns/sma2022-03-21-112/sm3_21VibrioWT_111_rec.mrc,tomo_756
/grphome/grp_tomo_db1_d4/nobackup/archive/ExperimentRuns/sma2022-03-21-113/sm3_21VibrioWT_112_rec.mrc,tomo_757
/grphome/grp_tomo_db1_d4/nobackup/archive/ExperimentRuns/sma2022-03-21-114/sm3_21VibrioWT_113_rec.mrc,tomo_758
/grphome/grp_tomo_db1_d4/nobackup/archive/ExperimentRuns/sma2022-03-21-115/sm3_21VibrioWT_114_rec.mrc,tomo_759
/grphome/grp_tomo_db1_d4/nobackup/archive/ExperimentRuns/sma2022-03-21-116/sm3_21VibrioWT_115_rec.mrc,tomo_760
/grphome/grp_tomo_db1_d4/nobackup/archive/ExperimentRuns/sma2022-03-21-117/sm3_21VibrioWT_116_rec.mrc,tomo_761
/grphome/grp_tomo_db1_d4/nobackup/archive/ExperimentRuns/sma2022-03-21-118/sm3_21VibrioWT_117_rec.mrc,tomo_762
/grphome/grp_tomo_db1_d4/nobackup/archive/ExperimentRuns/sma2022-03-21-119/sm3_21VibrioWT_118_rec.mrc,tomo_763
/grphome/grp_tomo_db1_d4/nobackup/archive/ExperimentRuns/sma2022-03-21-120/sm3_21VibrioWT_119_rec.mrc,tomo_764
/grphome/grp_tomo_db1_d4/nobackup/archive/ExperimentRuns/sma2022-03-21-121/sm3_21VibrioWT_120_rec.mrc,tomo_765
/grphome/grp_tomo_db1_d4/nobackup/archive/ExperimentRuns/sma2022-03-21-123/sm3_21VibrioWT_122_rec.mrc,tomo_766
/grphome/grp_tomo_db1_d4/nobackup/archive/ExperimentRuns/sma2022-03-21-124/sm3_21VibrioWT_123_orig_rec.mrc,tomo_767
/grphome/grp_tomo_db1_d4/nobackup/archive/ExperimentRuns/sma2022-03-21-125/sm3_21VibrioWT_124_rec.mrc,tomo_768
/grphome/grp_tomo_db1_d4/nobackup/archive/ExperimentRuns/sma2022-03-21-127/sm3_21VibrioWT_126_rec.mrc,tomo_769
/grphome/grp_tomo_db1_d4/nobackup/archive/ExperimentRuns/sma2022-03-21-128/sm3_21VibrioWT_127_rec.mrc,tomo_770
/grphome/grp_tomo_db1_d4/nobackup/archive/ExperimentRuns/sma2022-03-21-129/sm3_21VibrioWT_128_rec.mrc,tomo_771
/grphome/grp_tomo_db1_d4/nobackup/archive/ExperimentRuns/sma2022-03-21-7/sm3_21VibrioWT_141_rec.mrc,tomo_772
/grphome/grp_tomo_db1_d4/nobackup/archive/ExperimentRuns/sma2022-04-28-1/sm_vibrioWT4_24_001_rec.mrc,tomo_773
/grphome/grp_tomo_db1_d4/nobackup/archive/ExperimentRuns/sma2022-04-28-2/sm_vibrioWT4_24_002_rec.mrc,tomo_774
/grphome/grp_tomo_db1_d4/nobackup/archive/ExperimentRuns/sma2022-04-28-3/sm_vibrioWT4_24_003_rec.mrc,tomo_775
/grphome/grp_tomo_db1_d4/nobackup/archive/ExperimentRuns/sma2022-04-28-5/sm_vibrioWT4_24_004_rec.mrc,tomo_776
/grphome/grp_tomo_db1_d4/nobackup/archive/ExperimentRuns/sma2022-04-28-6/sm_vibrioWT4_24_005_rec.mrc,tomo_777
/grphome/grp_tomo_db1_d4/nobackup/archive/ExperimentRuns/sma2022-04-28-7/sm_vibrioWT4_24_006_rec.mrc,tomo_778
/grphome/grp_tomo_db1_d4/nobackup/archive/ExperimentRuns/sma2022-04-28-8/sm_vibrioWT4_24_007_rec.mrc,tomo_779
/grphome/grp_tomo_db1_d4/nobackup/archive/ExperimentRuns/sma2022-04-28-9/sm_vibrioWT4_24_008_rec.mrc,tomo_780
/grphome/grp_tomo_db1_d4/nobackup/archive/ExperimentRuns/sma2022-04-28-10/sm_vibrioWT4_24_009_rec.mrc,tomo_781
/grphome/grp_tomo_db1_d4/nobackup/archive/ExperimentRuns/sma2022-04-28-11/sm_vibrioWT4_24_010_rec.mrc,tomo_782
/grphome/grp_tomo_db1_d4/nobackup/archive/ExperimentRuns/sma2022-04-28-12/sm_vibrioWT4_24_011_rec.mrc,tomo_783
/grphome/grp_tomo_db1_d4/nobackup/archive/ExperimentRuns/sma2022-04-28-13/sm_vibrioWT4_24_012_rec.mrc,tomo_784
/grphome/grp_tomo_db1_d4/nobackup/archive/ExperimentRuns/sma2022-04-28-14/sm_vibrioWT4_24_013_rec.mrc,tomo_785
/grphome/grp_tomo_db1_d4/nobackup/archive/ExperimentRuns/sma2022-04-28-15/sm_vibrioWT4_24_014_rec.mrc,tomo_786
/grphome/grp_tomo_db1_d4/nobackup/archive/ExperimentRuns/sma2022-04-28-16/sm_vibrioWT4_24_015_rec.mrc,tomo_787
/grphome/grp_tomo_db1_d4/nobackup/archive/ExperimentRuns/sma2022-04-28-17/sm_vibrioWT4_24_016_rec.mrc,tomo_788
/grphome/grp_tomo_db1_d4/nobackup/archive/ExperimentRuns/sma2022-04-28-18/sm_vibrioWT4_24_017_rec.mrc,tomo_789
/grphome/grp_tomo_db1_d4/nobackup/archive/ExperimentRuns/sma2022-04-28-19/sm_vibrioWT4_24_018_rec.mrc,tomo_790
/grphome/grp_tomo_db1_d4/nobackup/archive/ExperimentRuns/sma2022-04-28-20/sm_vibrioWT4_24_019_rec.mrc,tomo_791
/grphome/grp_tomo_db1_d4/nobackup/archive/ExperimentRuns/sma2022-04-28-22/sm_vibrioWT4_24_021_rec.mrc,tomo_792
/grphome/grp_tomo_db1_d4/nobackup/archive/ExperimentRuns/sma2022-04-28-23/sm_vibrioWT4_24_022_rec.mrc,tomo_793
/grphome/grp_tomo_db1_d4/nobackup/archive/ExperimentRuns/sma2022-04-28-24/sm_vibrioWT4_24_023_rec.mrc,tomo_794
/grphome/grp_tomo_db1_d4/nobackup/archive/ExperimentRuns/sma2022-04-28-25/sm_vibrioWT4_24_024_rec.mrc,tomo_795
/grphome/grp_tomo_db1_d4/nobackup/archive/ExperimentRuns/sma2022-04-28-26/sm_vibrioWT4_24_025_rec.mrc,tomo_796
/grphome/grp_tomo_db1_d4/nobackup/archive/ExperimentRuns/sma2022-04-28-27/sm_vibrioWT4_24_026_rec.mrc,tomo_797
/grphome/grp_tomo_db1_d4/nobackup/archive/ExperimentRuns/sma2022-04-28-28/sm_vibrioWT4_24_027_rec.mrc,tomo_798
/grphome/grp_tomo_db1_d4/nobackup/archive/ExperimentRuns/sma2022-04-28-29/sm_vibrioWT4_24_028_rec.mrc,tomo_799
/grphome/grp_tomo_db1_d4/nobackup/archive/ExperimentRuns/sma2022-04-28-30/sm_vibrioWT4_24_029_rec.mrc,tomo_800
/grphome/grp_tomo_db1_d4/nobackup/archive/ExperimentRuns/sma2022-04-28-31/sm_vibrioWT4_24_030_rec.mrc,tomo_801
/grphome/grp_tomo_db1_d4/nobackup/archive/ExperimentRuns/sma2022-04-28-32/sm_vibrioWT4_24_031_rec.mrc,tomo_802
/grphome/grp_tomo_db1_d4/nobackup/archive/ExperimentRuns/sma2022-04-28-33/sm_vibrioWT4_24_032_rec.mrc,tomo_803
/grphome/grp_tomo_db1_d4/nobackup/archive/ExperimentRuns/sma2022-04-28-34/sm_vibrioWT4_24_033_rec.mrc,tomo_804
/grphome/grp_tomo_db1_d4/nobackup/archive/ExperimentRuns/sma2022-04-28-35/sm_vibrioWT4_24_034_rec.mrc,tomo_805
/grphome/grp_tomo_db1_d4/nobackup/archive/ExperimentRuns/sma2022-04-28-36/sm_vibrioWT4_24_035_rec.mrc,tomo_806
/grphome/grp_tomo_db1_d4/nobackup/archive/ExperimentRuns/sma2022-04-28-37/sm_vibrioWT4_24_036_rec.mrc,tomo_807
/grphome/grp_tomo_db1_d4/nobackup/archive/ExperimentRuns/sma2022-04-28-38/sm_vibrioWT4_24_037_rec.mrc,tomo_808
/grphome/grp_tomo_db1_d4/nobackup/archive/ExperimentRuns/sma2022-04-28-39/sm_vibrioWT4_24_038_rec.mrc,tomo_809
/grphome/grp_tomo_db1_d4/nobackup/archive/ExperimentRuns/sma2022-04-28-40/sm_vibrioWT4_24_039_rec.mrc,tomo_810
/grphome/grp_tomo_db1_d4/nobackup/archive/ExperimentRuns/sma2022-04-28-41/sm_vibrioWT4_24_040_rec.mrc,tomo_811
/grphome/grp_tomo_db1_d4/nobackup/archive/ExperimentRuns/sma2022-04-28-42/sm_vibrioWT4_24_041_rec.mrc,tomo_812
/grphome/grp_tomo_db1_d4/nobackup/archive/ExperimentRuns/sma2022-04-28-43/sm_vibrioWT4_24_042_rec.mrc,tomo_813
/grphome/grp_tomo_db1_d4/nobackup/archive/ExperimentRuns/sma2022-04-28-44/sm_vibrioWT4_24_043_rec.mrc,tomo_814
/grphome/grp_tomo_db1_d4/nobackup/archive/ExperimentRuns/sma2022-04-28-46/sm_vibrioWT4_24_045_rec.mrc,tomo_815
/grphome/grp_tomo_db1_d4/nobackup/archive/ExperimentRuns/sma2022-04-28-47/sm_vibrioWT4_24_046_rec.mrc,tomo_816
/grphome/grp_tomo_db1_d4/nobackup/archive/ExperimentRuns/sma2022-04-28-48/sm_vibrioWT4_24_047_rec.mrc,tomo_817
/grphome/grp_tomo_db1_d4/nobackup/archive/ExperimentRuns/sma2022-04-28-49/sm_vibrioWT4_24_048_rec.mrc,tomo_818
/grphome/grp_tomo_db1_d4/nobackup/archive/ExperimentRuns/sma2022-04-28-50/sm_vibrioWT4_24_049_rec.mrc,tomo_819
/grphome/grp_tomo_db1_d4/nobackup/archive/ExperimentRuns/sma2022-04-28-51/sm_vibrioWT4_24_050_rec.mrc,tomo_820
/grphome/grp_tomo_db1_d4/nobackup/archive/ExperimentRuns/sma2022-04-28-52/sm_vibrioWT4_24_051_rec.mrc,tomo_821
/grphome/grp_tomo_db1_d4/nobackup/archive/ExperimentRuns/sma2022-04-28-53/sm_vibrioWT4_24_052_rec.mrc,tomo_822
/grphome/grp_tomo_db1_d4/nobackup/archive/ExperimentRuns/sma2022-04-28-54/sm_vibrioWT4_24_053_rec.mrc,tomo_823
/grphome/grp_tomo_db1_d4/nobackup/archive/ExperimentRuns/sma2022-04-28-55/sm_vibrioWT4_24_054_rec.mrc,tomo_824
/grphome/grp_tomo_db1_d4/nobackup/archive/ExperimentRuns/sma2022-04-28-56/sm_vibrioWT4_24_056_rec.mrc,tomo_825
/grphome/grp_tomo_db1_d4/nobackup/archive/ExperimentRuns/sma2022-04-28-57/sm_vibrioWT4_24_057_rec.mrc,tomo_826
/grphome/grp_tomo_db1_d4/nobackup/archive/ExperimentRuns/sma2022-04-28-58/sm_vibrioWT4_24_058_rec.mrc,tomo_827
/grphome/grp_tomo_db1_d4/nobackup/archive/ExperimentRuns/sma2022-04-28-59/sm_vibrioWT4_24_059_rec.mrc,tomo_828
/grphome/grp_tomo_db1_d4/nobackup/archive/ExperimentRuns/sma2022-04-28-60/sm_vibrioWT4_24_060_rec.mrc,tomo_829
/grphome/grp_tomo_db1_d4/nobackup/archive/ExperimentRuns/sma2022-04-28-61/sm_vibrioWT4_24_061_rec.mrc,tomo_830
/grphome/grp_tomo_db1_d4/nobackup/archive/ExperimentRuns/sma2022-04-28-62/sm_vibrioWT4_24_062_rec.mrc,tomo_831
/grphome/grp_tomo_db1_d4/nobackup/archive/ExperimentRuns/sma2022-04-28-63/sm_vibrioWT4_24_063_rec.mrc,tomo_832
/grphome/grp_tomo_db1_d4/nobackup/archive/ExperimentRuns/sma2022-04-28-64/sm_vibrioWT4_24_064_rec.mrc,tomo_833
/grphome/grp_tomo_db1_d4/nobackup/archive/ExperimentRuns/sma2022-04-28-65/sm_vibrioWT4_24_065_rec.mrc,tomo_834
/grphome/grp_tomo_db1_d4/nobackup/archive/ExperimentRuns/sma2022-04-28-66/sm_vibrioWT4_24_066_rec.mrc,tomo_835
/grphome/grp_tomo_db1_d4/nobackup/archive/ExperimentRuns/sma2022-04-28-67/sm_vibrioWT4_24_067_rec.mrc,tomo_836
/grphome/grp_tomo_db1_d4/nobackup/archive/ExperimentRuns/sma2022-04-28-68/sm_vibrioWT4_24_068_rec.mrc,tomo_837
/grphome/grp_tomo_db1_d4/nobackup/archive/ExperimentRuns/sma2022-04-28-69/sm_vibrioWT4_24_069_rec.mrc,tomo_838
/grphome/grp_tomo_db1_d4/nobackup/archive/ExperimentRuns/sma2022-04-28-71/sm_vibrioWT4_24_071_rec.mrc,tomo_839
/grphome/grp_tomo_db1_d4/nobackup/archive/ExperimentRuns/sma2022-04-28-72/sm_vibrioWT4_24_072_rec.mrc,tomo_840
/grphome/grp_tomo_db1_d4/nobackup/archive/ExperimentRuns/sma2022-04-28-73/sm_vibrioWT4_24_073_rec.mrc,tomo_841
/grphome/grp_tomo_db1_d4/nobackup/archive/ExperimentRuns/sma2022-04-28-74/sm_vibrioWT4_24_074_rec.mrc,tomo_842
/grphome/grp_tomo_db1_d4/nobackup/archive/ExperimentRuns/sma2022-04-28-78/sm_vibrioWT4_24_078_rec.mrc,tomo_843
/grphome/grp_tomo_db1_d4/nobackup/archive/ExperimentRuns/sma2022-04-28-79/sm_vibrioWT4_24_079_rec.mrc,tomo_844
/grphome/grp_tomo_db1_d4/nobackup/archive/ExperimentRuns/sma2022-04-28-80/sm_vibrioWT4_24_080_rec.mrc,tomo_845
/grphome/grp_tomo_db1_d4/nobackup/archive/ExperimentRuns/sma2022-04-28-82/sm_vibrioWT4_24_082_rec.mrc,tomo_846
/grphome/grp_tomo_db1_d4/nobackup/archive/ExperimentRuns/sma2022-04-28-83/sm_vibrioWT4_24_083_rec.mrc,tomo_847
/grphome/grp_tomo_db1_d4/nobackup/archive/ExperimentRuns/sma2022-04-28-84/sm_vibrioWT4_24_084_rec.mrc,tomo_848
/grphome/grp_tomo_db1_d4/nobackup/archive/ExperimentRuns/sma2022-04-28-85/sm_vibrioWT4_24_085_rec.mrc,tomo_849
/grphome/grp_tomo_db1_d4/nobackup/archive/ExperimentRuns/sma2022-04-28-86/sm_vibrioWT4_24_086_rec.mrc,tomo_850
/grphome/grp_tomo_db1_d4/nobackup/archive/ExperimentRuns/sma2022-04-28-87/sm_vibrioWT4_24_087_rec.mrc,tomo_851
/grphome/grp_tomo_db1_d4/nobackup/archive/ExperimentRuns/sma2022-04-28-88/sm_vibrioWT4_24_088_rec.mrc,tomo_852
/grphome/grp_tomo_db1_d4/nobackup/archive/ExperimentRuns/sma2022-04-28-89/sm_vibrioWT4_24_089_rec.mrc,tomo_853
/grphome/grp_tomo_db1_d4/nobackup/archive/ExperimentRuns/sma2022-04-28-90/sm_vibrioWT4_24_090_rec.mrc,tomo_854
/grphome/grp_tomo_db1_d4/nobackup/archive/ExperimentRuns/sma2022-04-28-91/sm_vibrioWT4_24_091_rec.mrc,tomo_855
/grphome/grp_tomo_db1_d4/nobackup/archive/ExperimentRuns/sma2022-04-28-92/sm_vibrioWT4_24_092_rec.mrc,tomo_856
/grphome/grp_tomo_db1_d4/nobackup/archive/ExperimentRuns/sma2022-04-28-93/sm_vibrioWT4_24_093_rec.mrc,tomo_857
/grphome/grp_tomo_db1_d4/nobackup/archive/ExperimentRuns/sma2022-04-28-94/sm_vibrioWT4_24_094_rec.mrc,tomo_858
/grphome/grp_tomo_db1_d4/nobackup/archive/ExperimentRuns/sma2022-04-28-95/sm_vibrioWT4_24_095_rec.mrc,tomo_859
/grphome/grp_tomo_db1_d4/nobackup/archive/ExperimentRuns/sma2022-04-28-97/sm_vibrioWT4_24_097_rec.mrc,tomo_860
/grphome/grp_tomo_db1_d4/nobackup/archive/ExperimentRuns/sma2022-04-28-98/sm_vibrioWT4_24_098_rec.mrc,tomo_861
/grphome/grp_tomo_db1_d4/nobackup/archive/ExperimentRuns/sma2022-04-28-101/sm_vibrioWT4_24_101_rec.mrc,tomo_862
/grphome/grp_tomo_db1_d4/nobackup/archive/ExperimentRuns/sma2022-04-28-102/sm_vibrioWT4_24_102_rec.mrc,tomo_863
/grphome/grp_tomo_db1_d4/nobackup/archive/ExperimentRuns/sma2022-04-28-103/sm_vibrioWT4_24_103_rec.mrc,tomo_864
/grphome/grp_tomo_db1_d4/nobackup/archive/ExperimentRuns/sma2022-04-28-104/sm_vibrioWT4_24_104_rec.mrc,tomo_865
/grphome/grp_tomo_db1_d4/nobackup/archive/ExperimentRuns/sma2022-04-28-105/sm_vibrioWT4_24_105_rec.mrc,tomo_866
/grphome/grp_tomo_db1_d4/nobackup/archive/ExperimentRuns/sma2022-04-28-106/sm_vibrioWT4_24_106_rec.mrc,tomo_867
/grphome/grp_tomo_db1_d4/nobackup/archive/ExperimentRuns/sma2022-04-28-107/sm_vibrioWT4_24_107_rec.mrc,tomo_868
/grphome/grp_tomo_db1_d4/nobackup/archive/ExperimentRuns/sma2022-04-28-108/sm_vibrioWT4_24_108_rec.mrc,tomo_869
/grphome/grp_tomo_db1_d4/nobackup/archive/ExperimentRuns/sma2022-04-28-109/sm_vibrioWT4_24_109_rec.mrc,tomo_870
/grphome/grp_tomo_db1_d4/nobackup/archive/ExperimentRuns/sma2022-04-28-110/sm_vibrioWT4_24_110_rec.mrc,tomo_871
/grphome/grp_tomo_db1_d4/nobackup/archive/ExperimentRuns/sma2022-04-28-111/sm_vibrioWT4_24_111_rec.mrc,tomo_872
/grphome/grp_tomo_db1_d4/nobackup/archive/ExperimentRuns/sma2022-04-28-112/sm_vibrioWT4_24_112_rec.mrc,tomo_873
/grphome/grp_tomo_db1_d4/nobackup/archive/ExperimentRuns/sma2022-04-28-113/sm_vibrioWT4_24_113_rec.mrc,tomo_874
/grphome/grp_tomo_db1_d4/nobackup/archive/ExperimentRuns/sma2022-04-28-115/sm_vibrioWT4_24_115_rec.mrc,tomo_875
/grphome/grp_tomo_db1_d4/nobackup/archive/ExperimentRuns/sma2022-04-28-116/sm_vibrioWT4_24_116_rec.mrc,tomo_876
/grphome/grp_tomo_db1_d4/nobackup/archive/ExperimentRuns/sma2022-04-28-117/sm_vibrioWT4_24_117_rec.mrc,tomo_877
/grphome/grp_tomo_db1_d4/nobackup/archive/ExperimentRuns/sma2022-04-28-118/sm_vibrioWT4_24_118_rec.mrc,tomo_878
/grphome/grp_tomo_db1_d4/nobackup/archive/ExperimentRuns/sma2022-04-28-119/sm_vibrioWT4_24_119_rec.mrc,tomo_879
/grphome/grp_tomo_db1_d4/nobackup/archive/ExperimentRuns/sma2022-04-28-120/sm_vibrioWT4_24_120_rec.mrc,tomo_880
/grphome/grp_tomo_db1_d4/nobackup/archive/ExperimentRuns/sma2022-04-28-121/sm_vibrioWT4_24_121_rec.mrc,tomo_881
/grphome/grp_tomo_db1_d4/nobackup/archive/ExperimentRuns/sma2022-04-28-122/sm_vibrioWT4_24_122_rec.mrc,tomo_882
/grphome/grp_tomo_db1_d4/nobackup/archive/ExperimentRuns/sma2022-04-28-123/sm_vibrioWT4_24_123_rec.mrc,tomo_883
/grphome/grp_tomo_db1_d4/nobackup/archive/ExperimentRuns/sma2022-04-28-124/sm_vibrioWT4_24_124_rec.mrc,tomo_884
/grphome/grp_tomo_db1_d4/nobackup/archive/ExperimentRuns/sma2022-04-28-125/sm_vibrioWT4_24_125_rec.mrc,tomo_885
/grphome/grp_tomo_db1_d4/nobackup/archive/ExperimentRuns/sma2022-04-28-126/sm_vibrioWT4_24_126_rec.mrc,tomo_886
/grphome/grp_tomo_db1_d4/nobackup/archive/ExperimentRuns/sma2022-04-28-127/sm_vibrioWT4_24_127_rec.mrc,tomo_887
/grphome/grp_tomo_db1_d4/nobackup/archive/ExperimentRuns/sma2022-04-28-128/sm_vibrioWT4_24_128_rec.mrc,tomo_888
/grphome/grp_tomo_db1_d4/nobackup/archive/ExperimentRuns/sma2022-04-28-129/sm_vibrioWT4_24_129_rec.mrc,tomo_889
/grphome/grp_tomo_db1_d4/nobackup/archive/ExperimentRuns/sma2022-04-28-130/sm_vibrioWT4_24_130_rec.mrc,tomo_890
/grphome/grp_tomo_db1_d4/nobackup/archive/ExperimentRuns/sma2022-04-28-131/sm_vibrioWT4_24_131_rec.mrc,tomo_891
/grphome/grp_tomo_db1_d4/nobackup/archive/ExperimentRuns/sma2022-04-28-132/sm_vibrioWT4_24_132_rec.mrc,tomo_892
/grphome/grp_tomo_db1_d4/nobackup/archive/ExperimentRuns/sma2022-04-28-133/sm_vibrioWT4_24_133_rec.mrc,tomo_893
/grphome/grp_tomo_db1_d4/nobackup/archive/ExperimentRuns/sma2022-04-28-134/sm_vibrioWT4_24_134_rec.mrc,tomo_894
/grphome/grp_tomo_db1_d4/nobackup/archive/ExperimentRuns/sma2022-04-28-135/sm_vibrioWT4_24_135_rec.mrc,tomo_895
/grphome/grp_tomo_db1_d4/nobackup/archive/ExperimentRuns/sma2022-04-28-136/sm_vibrioWT4_24_136_rec.mrc,tomo_896
/grphome/grp_tomo_db1_d4/nobackup/archive/ExperimentRuns/sma2022-04-28-137/sm_vibrioWT4_24_137_rec.mrc,tomo_897
/grphome/grp_tomo_db1_d4/nobackup/archive/ExperimentRuns/sma2022-04-28-138/sm_vibrioWT4_24_138_rec.mrc,tomo_898
/grphome/grp_tomo_db1_d4/nobackup/archive/ExperimentRuns/sma2022-04-28-139/sm_vibrioWT4_24_139_rec.mrc,tomo_899
/grphome/grp_tomo_db1_d4/nobackup/archive/ExperimentRuns/sma2022-04-28-140/sm_vibrioWT4_24_140_rec.mrc,tomo_900
/grphome/grp_tomo_db1_d4/nobackup/archive/ExperimentRuns/sma2022-04-28-4/sm_vibrioWT4_24_190_rec.mrc,tomo_901
